instrument,lipid_class,adduct,fragment,ParamKey,ParamValue
MS:1002523,10-HDoHE,[M-H]1-,121.066,model,dlnormPar
MS:1002523,10-HDoHE,[M-H]1-,121.066,meanlog,5.1404225294
MS:1002523,10-HDoHE,[M-H]1-,121.066,sdlog,0.1096902397
MS:1002523,10-HDoHE,[M-H]1-,121.066,scale,0.1165235191
MS:1002523,10-HDoHE,[M-H]1-,121.066,shift,108.8501054208
MS:1002523,10-HDoHE,[M-H]1-,153.092,model,dlnormPar
MS:1002523,10-HDoHE,[M-H]1-,153.092,meanlog,5.9896287734
MS:1002523,10-HDoHE,[M-H]1-,153.092,sdlog,0.0333195434
MS:1002523,10-HDoHE,[M-H]1-,153.092,scale,0.4096133578
MS:1002523,10-HDoHE,[M-H]1-,153.092,shift,369.5616183812
MS:1002523,10-HDoHE,[M-H]1-,161.134,model,dlnormPar
MS:1002523,10-HDoHE,[M-H]1-,161.134,meanlog,6.2662567011
MS:1002523,10-HDoHE,[M-H]1-,161.134,sdlog,0.0261603105
MS:1002523,10-HDoHE,[M-H]1-,161.134,scale,0.1498030248
MS:1002523,10-HDoHE,[M-H]1-,161.134,shift,492.0586500498
MS:1002523,10-HDoHE,[M-H]1-,181.087,model,dlnormPar
MS:1002523,10-HDoHE,[M-H]1-,181.087,meanlog,5.5705602957
MS:1002523,10-HDoHE,[M-H]1-,181.087,sdlog,0.0445982728
MS:1002523,10-HDoHE,[M-H]1-,181.087,scale,0.164005321
MS:1002523,10-HDoHE,[M-H]1-,181.087,shift,245.5058140575
MS:1002523,10-HDoHE,[M-H]1-,227.18,model,dlnormPar
MS:1002523,10-HDoHE,[M-H]1-,227.18,meanlog,6.0653039462
MS:1002523,10-HDoHE,[M-H]1-,227.18,sdlog,0.0238302666
MS:1002523,10-HDoHE,[M-H]1-,227.18,scale,0.0225752209
MS:1002523,10-HDoHE,[M-H]1-,227.18,shift,404.5976893716
MS:1002523,10-HDoHE,[M-H]1-,281.227,model,dlnormPar
MS:1002523,10-HDoHE,[M-H]1-,281.227,meanlog,5.8736059527
MS:1002523,10-HDoHE,[M-H]1-,281.227,sdlog,0.02778423
MS:1002523,10-HDoHE,[M-H]1-,281.227,scale,0.2420985232
MS:1002523,10-HDoHE,[M-H]1-,281.227,shift,339.5599697285
MS:1002523,10-HDoHE,[M-H]1-,299.238,model,dlnormPar
MS:1002523,10-HDoHE,[M-H]1-,299.238,meanlog,5.7476737999
MS:1002523,10-HDoHE,[M-H]1-,299.238,sdlog,0.0302443707
MS:1002523,10-HDoHE,[M-H]1-,299.238,scale,0.0465876804
MS:1002523,10-HDoHE,[M-H]1-,299.238,shift,297.3214598676
MS:1002523,10-HDoHE,[M-H]1-,325.217,model,dlnormPar
MS:1002523,10-HDoHE,[M-H]1-,325.217,meanlog,3.6941543492
MS:1002523,10-HDoHE,[M-H]1-,325.217,sdlog,0.1697796736
MS:1002523,10-HDoHE,[M-H]1-,325.217,scale,0.1407296827
MS:1002523,10-HDoHE,[M-H]1-,325.217,shift,26.898002817
MS:1002523,10-HDoHE,[M-H]1-,59.013,model,dlnormPar
MS:1002523,10-HDoHE,[M-H]1-,59.013,meanlog,4.589634644
MS:1002523,10-HDoHE,[M-H]1-,59.013,sdlog,0.198785151
MS:1002523,10-HDoHE,[M-H]1-,59.013,scale,0.3262038781
MS:1002523,10-HDoHE,[M-H]1-,59.013,shift,33.8108930241
MS:1002523,10-HDoHE,[M-H]1-,precursor,model,dlnormPar
MS:1002523,10-HDoHE,[M-H]1-,precursor,meanlog,3.5111674463
MS:1002523,10-HDoHE,[M-H]1-,precursor,sdlog,0.1475506573
MS:1002523,10-HDoHE,[M-H]1-,precursor,scale,0.3606661728
MS:1002523,10-HDoHE,[M-H]1-,precursor,shift,20.8128943993
MS:1002523,11-HDoHE,[M-H]1-,121.102,model,dlnormPar
MS:1002523,11-HDoHE,[M-H]1-,121.102,meanlog,4.5701710384
MS:1002523,11-HDoHE,[M-H]1-,121.102,sdlog,0.1258143927
MS:1002523,11-HDoHE,[M-H]1-,121.102,scale,0.2732120148
MS:1002523,11-HDoHE,[M-H]1-,121.102,shift,68.5021412966
MS:1002523,11-HDoHE,[M-H]1-,149.133,model,dlnormPar
MS:1002523,11-HDoHE,[M-H]1-,149.133,meanlog,6.3609465231
MS:1002523,11-HDoHE,[M-H]1-,149.133,sdlog,0.0231292102
MS:1002523,11-HDoHE,[M-H]1-,149.133,scale,0.0779940838
MS:1002523,11-HDoHE,[M-H]1-,149.133,shift,552.2858955123
MS:1002523,11-HDoHE,[M-H]1-,165.092,model,dlnormPar
MS:1002523,11-HDoHE,[M-H]1-,165.092,meanlog,5.5432643226
MS:1002523,11-HDoHE,[M-H]1-,165.092,sdlog,0.0520080949
MS:1002523,11-HDoHE,[M-H]1-,165.092,scale,0.1030406434
MS:1002523,11-HDoHE,[M-H]1-,165.092,shift,232.3026911362
MS:1002523,11-HDoHE,[M-H]1-,194.095,model,dlnormPar
MS:1002523,11-HDoHE,[M-H]1-,194.095,meanlog,6.1381518249
MS:1002523,11-HDoHE,[M-H]1-,194.095,sdlog,0.0195447482
MS:1002523,11-HDoHE,[M-H]1-,194.095,scale,0.0386979338
MS:1002523,11-HDoHE,[M-H]1-,194.095,shift,443.1167317782
MS:1002523,11-HDoHE,[M-H]1-,281.227,model,dlnormPar
MS:1002523,11-HDoHE,[M-H]1-,281.227,meanlog,6.1378744986
MS:1002523,11-HDoHE,[M-H]1-,281.227,sdlog,0.022336888
MS:1002523,11-HDoHE,[M-H]1-,281.227,scale,0.0708152476
MS:1002523,11-HDoHE,[M-H]1-,281.227,shift,441.8627901715
MS:1002523,11-HDoHE,[M-H]1-,299.238,model,dlnormPar
MS:1002523,11-HDoHE,[M-H]1-,299.238,meanlog,6.2593485556
MS:1002523,11-HDoHE,[M-H]1-,299.238,sdlog,0.0174860182
MS:1002523,11-HDoHE,[M-H]1-,299.238,scale,0.0195864879
MS:1002523,11-HDoHE,[M-H]1-,299.238,shift,503.7779525554
MS:1002523,11-HDoHE,[M-H]1-,325.217,model,dlnormPar
MS:1002523,11-HDoHE,[M-H]1-,325.217,meanlog,5.9537053377
MS:1002523,11-HDoHE,[M-H]1-,325.217,sdlog,0.0248904856
MS:1002523,11-HDoHE,[M-H]1-,325.217,scale,0.0447704418
MS:1002523,11-HDoHE,[M-H]1-,325.217,shift,370.0266683223
MS:1002523,11-HDoHE,[M-H]1-,59.013,model,dlnormPar
MS:1002523,11-HDoHE,[M-H]1-,59.013,meanlog,4.417771934
MS:1002523,11-HDoHE,[M-H]1-,59.013,sdlog,0.3719116369
MS:1002523,11-HDoHE,[M-H]1-,59.013,scale,0.4684657433
MS:1002523,11-HDoHE,[M-H]1-,59.013,shift,2.0968602806
MS:1002523,11-HDoHE,[M-H]1-,95.05,model,dlnormPar
MS:1002523,11-HDoHE,[M-H]1-,95.05,meanlog,4.4611872923
MS:1002523,11-HDoHE,[M-H]1-,95.05,sdlog,0.2791059364
MS:1002523,11-HDoHE,[M-H]1-,95.05,scale,0.1576518378
MS:1002523,11-HDoHE,[M-H]1-,95.05,shift,22.5244412909
MS:1002523,11-HDoHE,[M-H]1-,precursor,model,dlnormPar
MS:1002523,11-HDoHE,[M-H]1-,precursor,meanlog,3.5969505179
MS:1002523,11-HDoHE,[M-H]1-,precursor,sdlog,0.1405244457
MS:1002523,11-HDoHE,[M-H]1-,precursor,scale,0.5514856747
MS:1002523,11-HDoHE,[M-H]1-,precursor,shift,23.780536405
MS:1002523,11-HETE,[M-H]1-,149.097,model,dlnormPar
MS:1002523,11-HETE,[M-H]1-,149.097,meanlog,5.3013069902
MS:1002523,11-HETE,[M-H]1-,149.097,sdlog,0.0699706873
MS:1002523,11-HETE,[M-H]1-,149.097,scale,0.1161291551
MS:1002523,11-HETE,[M-H]1-,149.097,shift,146.9981340796
MS:1002523,11-HETE,[M-H]1-,167.108,model,dlnormPar
MS:1002523,11-HETE,[M-H]1-,167.108,meanlog,5.5073066498
MS:1002523,11-HETE,[M-H]1-,167.108,sdlog,0.0600748326
MS:1002523,11-HETE,[M-H]1-,167.108,scale,0.7347664566
MS:1002523,11-HETE,[M-H]1-,167.108,shift,212.9898931704
MS:1002523,11-HETE,[M-H]1-,195.103,model,dlnormPar
MS:1002523,11-HETE,[M-H]1-,195.103,meanlog,4.8004873388
MS:1002523,11-HETE,[M-H]1-,195.103,sdlog,0.0849491453
MS:1002523,11-HETE,[M-H]1-,195.103,scale,0.0110263436
MS:1002523,11-HETE,[M-H]1-,195.103,shift,91.8840781023
MS:1002523,11-HETE,[M-H]1-,257.227,model,dlnormPar
MS:1002523,11-HETE,[M-H]1-,257.227,meanlog,6.0723375349
MS:1002523,11-HETE,[M-H]1-,257.227,sdlog,0.0247192075
MS:1002523,11-HETE,[M-H]1-,257.227,scale,0.0124103367
MS:1002523,11-HETE,[M-H]1-,257.227,shift,404.9181328569
MS:1002523,11-HETE,[M-H]1-,275.238,model,dlnormPar
MS:1002523,11-HETE,[M-H]1-,275.238,meanlog,6.067584842
MS:1002523,11-HETE,[M-H]1-,275.238,sdlog,0.0217004609
MS:1002523,11-HETE,[M-H]1-,275.238,scale,0.018687238
MS:1002523,11-HETE,[M-H]1-,275.238,shift,405.7149277416
MS:1002523,11-HETE,[M-H]1-,301.217,model,dlnormPar
MS:1002523,11-HETE,[M-H]1-,301.217,meanlog,6.1082433692
MS:1002523,11-HETE,[M-H]1-,301.217,sdlog,0.0227973635
MS:1002523,11-HETE,[M-H]1-,301.217,scale,0.038008417
MS:1002523,11-HETE,[M-H]1-,301.217,shift,426.6131247728
MS:1002523,11-HETE,[M-H]1-,59.013,model,dlnormPar
MS:1002523,11-HETE,[M-H]1-,59.013,meanlog,4.765677512
MS:1002523,11-HETE,[M-H]1-,59.013,sdlog,0.1811353978
MS:1002523,11-HETE,[M-H]1-,59.013,scale,0.3171507616
MS:1002523,11-HETE,[M-H]1-,59.013,shift,44.4924851249
MS:1002523,11-HETE,[M-H]1-,precursor,model,dlnormPar
MS:1002523,11-HETE,[M-H]1-,precursor,meanlog,3.2122883247
MS:1002523,11-HETE,[M-H]1-,precursor,sdlog,0.2968615533
MS:1002523,11-HETE,[M-H]1-,precursor,scale,1.0109779423
MS:1002523,11-HETE,[M-H]1-,precursor,shift,10.2820090376
MS:1002523,12-HEPE,[M-H]1-,107.087,model,dlnormPar
MS:1002523,12-HEPE,[M-H]1-,107.087,meanlog,6.5046828936
MS:1002523,12-HEPE,[M-H]1-,107.087,sdlog,0.0229257642
MS:1002523,12-HEPE,[M-H]1-,107.087,scale,0.0336899958
MS:1002523,12-HEPE,[M-H]1-,107.087,shift,622.7992086348
MS:1002523,12-HEPE,[M-H]1-,135.118,model,dlnormPar
MS:1002523,12-HEPE,[M-H]1-,135.118,meanlog,5.9139258076
MS:1002523,12-HEPE,[M-H]1-,135.118,sdlog,0.0306159743
MS:1002523,12-HEPE,[M-H]1-,135.118,scale,0.0542139633
MS:1002523,12-HEPE,[M-H]1-,135.118,shift,336.4938998296
MS:1002523,12-HEPE,[M-H]1-,163.113,model,dlnormPar
MS:1002523,12-HEPE,[M-H]1-,163.113,meanlog,6.2072153754
MS:1002523,12-HEPE,[M-H]1-,163.113,sdlog,0.0242626545
MS:1002523,12-HEPE,[M-H]1-,163.113,scale,0.0362076055
MS:1002523,12-HEPE,[M-H]1-,163.113,shift,458.9834556604
MS:1002523,12-HEPE,[M-H]1-,179.108,model,dlnormPar
MS:1002523,12-HEPE,[M-H]1-,179.108,meanlog,6.2472326341
MS:1002523,12-HEPE,[M-H]1-,179.108,sdlog,0.0220834456
MS:1002523,12-HEPE,[M-H]1-,179.108,scale,0.2560927285
MS:1002523,12-HEPE,[M-H]1-,179.108,shift,492.3391533797
MS:1002523,12-HEPE,[M-H]1-,208.11,model,dlnormPar
MS:1002523,12-HEPE,[M-H]1-,208.11,meanlog,6.042622756
MS:1002523,12-HEPE,[M-H]1-,208.11,sdlog,0.0228919043
MS:1002523,12-HEPE,[M-H]1-,208.11,scale,0.0594187746
MS:1002523,12-HEPE,[M-H]1-,208.11,shift,401.0920446057
MS:1002523,12-HEPE,[M-H]1-,255.212,model,dlnormPar
MS:1002523,12-HEPE,[M-H]1-,255.212,meanlog,6.4212474023
MS:1002523,12-HEPE,[M-H]1-,255.212,sdlog,0.0177349467
MS:1002523,12-HEPE,[M-H]1-,255.212,scale,0.1050779892
MS:1002523,12-HEPE,[M-H]1-,255.212,shift,588.5094116455
MS:1002523,12-HEPE,[M-H]1-,273.222,model,dlnormPar
MS:1002523,12-HEPE,[M-H]1-,273.222,meanlog,6.1581047515
MS:1002523,12-HEPE,[M-H]1-,273.222,sdlog,0.0195476825
MS:1002523,12-HEPE,[M-H]1-,273.222,scale,0.0154482411
MS:1002523,12-HEPE,[M-H]1-,273.222,shift,446.5699125934
MS:1002523,12-HEPE,[M-H]1-,299.201,model,dlnormPar
MS:1002523,12-HEPE,[M-H]1-,299.201,meanlog,6.0157030052
MS:1002523,12-HEPE,[M-H]1-,299.201,sdlog,0.0275111637
MS:1002523,12-HEPE,[M-H]1-,299.201,scale,0.1250437424
MS:1002523,12-HEPE,[M-H]1-,299.201,shift,392.1693039611
MS:1002523,12-HEPE,[M-H]1-,59.013,model,dlnormPar
MS:1002523,12-HEPE,[M-H]1-,59.013,meanlog,4.3761122181
MS:1002523,12-HEPE,[M-H]1-,59.013,sdlog,0.4856777202
MS:1002523,12-HEPE,[M-H]1-,59.013,scale,0.6658149911
MS:1002523,12-HEPE,[M-H]1-,59.013,shift,-7.211003441
MS:1002523,12-HEPE,[M-H]1-,precursor,model,dlnormPar
MS:1002523,12-HEPE,[M-H]1-,precursor,meanlog,3.469582799
MS:1002523,12-HEPE,[M-H]1-,precursor,sdlog,0.2126474761
MS:1002523,12-HEPE,[M-H]1-,precursor,scale,0.7878199766
MS:1002523,12-HEPE,[M-H]1-,precursor,shift,18.1869418038
MS:1002523,12-HHTrE,[M-H]1-,113.097,model,dlnormPar
MS:1002523,12-HHTrE,[M-H]1-,113.097,meanlog,4.866364045
MS:1002523,12-HHTrE,[M-H]1-,113.097,sdlog,0.1186830034
MS:1002523,12-HHTrE,[M-H]1-,113.097,scale,0.056601885
MS:1002523,12-HHTrE,[M-H]1-,113.097,shift,85.8132149216
MS:1002523,12-HHTrE,[M-H]1-,135.118,model,dlnormPar
MS:1002523,12-HHTrE,[M-H]1-,135.118,meanlog,6.3555076116
MS:1002523,12-HHTrE,[M-H]1-,135.118,sdlog,0.0245855035
MS:1002523,12-HHTrE,[M-H]1-,135.118,scale,0.1314892887
MS:1002523,12-HHTrE,[M-H]1-,135.118,shift,551.5266499765
MS:1002523,12-HHTrE,[M-H]1-,163.149,model,dlnormPar
MS:1002523,12-HHTrE,[M-H]1-,163.149,meanlog,6.3636751091
MS:1002523,12-HHTrE,[M-H]1-,163.149,sdlog,0.0202976973
MS:1002523,12-HHTrE,[M-H]1-,163.149,scale,0.0464395838
MS:1002523,12-HHTrE,[M-H]1-,163.149,shift,542.0407427324
MS:1002523,12-HHTrE,[M-H]1-,179.108,model,dlnormPar
MS:1002523,12-HHTrE,[M-H]1-,179.108,meanlog,6.1614746635
MS:1002523,12-HHTrE,[M-H]1-,179.108,sdlog,0.025946115
MS:1002523,12-HHTrE,[M-H]1-,179.108,scale,0.2989087982
MS:1002523,12-HHTrE,[M-H]1-,179.108,shift,453.633514825
MS:1002523,12-HHTrE,[M-H]1-,189.165,model,dlnormPar
MS:1002523,12-HHTrE,[M-H]1-,189.165,meanlog,5.1061519232
MS:1002523,12-HHTrE,[M-H]1-,189.165,sdlog,0.0695644092
MS:1002523,12-HHTrE,[M-H]1-,189.165,scale,0.0933859585
MS:1002523,12-HHTrE,[M-H]1-,189.165,shift,119.609060125
MS:1002523,12-HHTrE,[M-H]1-,217.196,model,dlnormPar
MS:1002523,12-HHTrE,[M-H]1-,217.196,meanlog,6.6204074933
MS:1002523,12-HHTrE,[M-H]1-,217.196,sdlog,0.0160663776
MS:1002523,12-HHTrE,[M-H]1-,217.196,scale,0.114684724
MS:1002523,12-HHTrE,[M-H]1-,217.196,shift,718.6262352358
MS:1002523,12-HHTrE,[M-H]1-,235.207,model,dlnormPar
MS:1002523,12-HHTrE,[M-H]1-,235.207,meanlog,6.199578493
MS:1002523,12-HHTrE,[M-H]1-,235.207,sdlog,0.0274156487
MS:1002523,12-HHTrE,[M-H]1-,235.207,scale,0.0256123919
MS:1002523,12-HHTrE,[M-H]1-,235.207,shift,469.534502968
MS:1002523,12-HHTrE,[M-H]1-,261.186,model,dlnormPar
MS:1002523,12-HHTrE,[M-H]1-,261.186,meanlog,6.5611092453
MS:1002523,12-HHTrE,[M-H]1-,261.186,sdlog,0.0188447235
MS:1002523,12-HHTrE,[M-H]1-,261.186,scale,0.2154337364
MS:1002523,12-HHTrE,[M-H]1-,261.186,shift,682.938946203
MS:1002523,12-HHTrE,[M-H]1-,59.013,model,dlnormPar
MS:1002523,12-HHTrE,[M-H]1-,59.013,meanlog,4.4534036306
MS:1002523,12-HHTrE,[M-H]1-,59.013,sdlog,0.3540033711
MS:1002523,12-HHTrE,[M-H]1-,59.013,scale,0.6615157143
MS:1002523,12-HHTrE,[M-H]1-,59.013,shift,6.2139365108
MS:1002523,12-HHTrE,[M-H]1-,precursor,model,dlnormPar
MS:1002523,12-HHTrE,[M-H]1-,precursor,meanlog,4.2828218556
MS:1002523,12-HHTrE,[M-H]1-,precursor,sdlog,0.1169867685
MS:1002523,12-HHTrE,[M-H]1-,precursor,scale,0.8244018296
MS:1002523,12-HHTrE,[M-H]1-,precursor,shift,57.9739597361
MS:1002523,12-OxoETE,[M-H]1-,107.087,model,dlnormPar
MS:1002523,12-OxoETE,[M-H]1-,107.087,meanlog,3.9908173632
MS:1002523,12-OxoETE,[M-H]1-,107.087,sdlog,0.3937782528
MS:1002523,12-OxoETE,[M-H]1-,107.087,scale,0.0481317403
MS:1002523,12-OxoETE,[M-H]1-,107.087,shift,12.2331274661
MS:1002523,12-OxoETE,[M-H]1-,137.097,model,dlnormPar
MS:1002523,12-OxoETE,[M-H]1-,137.097,meanlog,5.0520524519
MS:1002523,12-OxoETE,[M-H]1-,137.097,sdlog,0.105120486
MS:1002523,12-OxoETE,[M-H]1-,137.097,scale,0.0529249004
MS:1002523,12-OxoETE,[M-H]1-,137.097,shift,99.1264459742
MS:1002523,12-OxoETE,[M-H]1-,153.128,model,dlnormPar
MS:1002523,12-OxoETE,[M-H]1-,153.128,meanlog,4.3408729902
MS:1002523,12-OxoETE,[M-H]1-,153.128,sdlog,0.2117534021
MS:1002523,12-OxoETE,[M-H]1-,153.128,scale,0.3107307175
MS:1002523,12-OxoETE,[M-H]1-,153.128,shift,40.0428337967
MS:1002523,12-OxoETE,[M-H]1-,163.076,model,dlnormPar
MS:1002523,12-OxoETE,[M-H]1-,163.076,meanlog,5.1765877942
MS:1002523,12-OxoETE,[M-H]1-,163.076,sdlog,0.0937012834
MS:1002523,12-OxoETE,[M-H]1-,163.076,scale,0.0599449626
MS:1002523,12-OxoETE,[M-H]1-,163.076,shift,154.9756329152
MS:1002523,12-OxoETE,[M-H]1-,179.144,model,dlnormPar
MS:1002523,12-OxoETE,[M-H]1-,179.144,meanlog,5.1577997448
MS:1002523,12-OxoETE,[M-H]1-,179.144,sdlog,0.0668049283
MS:1002523,12-OxoETE,[M-H]1-,179.144,scale,0.0983662603
MS:1002523,12-OxoETE,[M-H]1-,179.144,shift,135.1304431793
MS:1002523,12-OxoETE,[M-H]1-,219.175,model,dlnormPar
MS:1002523,12-OxoETE,[M-H]1-,219.175,meanlog,6.4447682046
MS:1002523,12-OxoETE,[M-H]1-,219.175,sdlog,0.0186799597
MS:1002523,12-OxoETE,[M-H]1-,219.175,scale,0.0224365423
MS:1002523,12-OxoETE,[M-H]1-,219.175,shift,596.5354403693
MS:1002523,12-OxoETE,[M-H]1-,273.222,model,dlnormPar
MS:1002523,12-OxoETE,[M-H]1-,273.222,meanlog,6.4456317341
MS:1002523,12-OxoETE,[M-H]1-,273.222,sdlog,0.016827523
MS:1002523,12-OxoETE,[M-H]1-,273.222,scale,0.3694093126
MS:1002523,12-OxoETE,[M-H]1-,273.222,shift,608.8103048049
MS:1002523,12-OxoETE,[M-H]1-,299.202,model,dlnormPar
MS:1002523,12-OxoETE,[M-H]1-,299.202,meanlog,6.212161321
MS:1002523,12-OxoETE,[M-H]1-,299.202,sdlog,0.0226380696
MS:1002523,12-OxoETE,[M-H]1-,299.202,scale,0.0090215041
MS:1002523,12-OxoETE,[M-H]1-,299.202,shift,473.0815382371
MS:1002523,12-OxoETE,[M-H]1-,59.013,model,dlnormPar
MS:1002523,12-OxoETE,[M-H]1-,59.013,meanlog,4.8523187626
MS:1002523,12-OxoETE,[M-H]1-,59.013,sdlog,0.1970738821
MS:1002523,12-OxoETE,[M-H]1-,59.013,scale,0.2339321481
MS:1002523,12-OxoETE,[M-H]1-,59.013,shift,47.8022721426
MS:1002523,12-OxoETE,[M-H]1-,precursor,model,dlnormPar
MS:1002523,12-OxoETE,[M-H]1-,precursor,meanlog,3.7412022388
MS:1002523,12-OxoETE,[M-H]1-,precursor,sdlog,0.1515545286
MS:1002523,12-OxoETE,[M-H]1-,precursor,scale,0.7671025178
MS:1002523,12-OxoETE,[M-H]1-,precursor,shift,28.6037192355
MS:1002523,13-HOTrE,[M-H]1-,179.144,model,dlnormPar
MS:1002523,13-HOTrE,[M-H]1-,179.144,meanlog,4.8571505174
MS:1002523,13-HOTrE,[M-H]1-,179.144,sdlog,0.0999614162
MS:1002523,13-HOTrE,[M-H]1-,179.144,scale,0.0316147792
MS:1002523,13-HOTrE,[M-H]1-,179.144,shift,75.345456421
MS:1002523,13-HOTrE,[M-H]1-,195.139,model,dlnormPar
MS:1002523,13-HOTrE,[M-H]1-,195.139,meanlog,4.2876550424
MS:1002523,13-HOTrE,[M-H]1-,195.139,sdlog,0.257640422
MS:1002523,13-HOTrE,[M-H]1-,195.139,scale,0.2071900642
MS:1002523,13-HOTrE,[M-H]1-,195.139,shift,22.9591941875
MS:1002523,13-HOTrE,[M-H]1-,197.155,model,dlnormPar
MS:1002523,13-HOTrE,[M-H]1-,197.155,meanlog,4.0901293929
MS:1002523,13-HOTrE,[M-H]1-,197.155,sdlog,0.1620080517
MS:1002523,13-HOTrE,[M-H]1-,197.155,scale,0.0015542621
MS:1002523,13-HOTrE,[M-H]1-,197.155,shift,12.3101585721
MS:1002523,13-HOTrE,[M-H]1-,223.134,model,dlnormPar
MS:1002523,13-HOTrE,[M-H]1-,223.134,meanlog,6.8103402658
MS:1002523,13-HOTrE,[M-H]1-,223.134,sdlog,0.0170965304
MS:1002523,13-HOTrE,[M-H]1-,223.134,scale,0.1292398792
MS:1002523,13-HOTrE,[M-H]1-,223.134,shift,862.6078426827
MS:1002523,13-HOTrE,[M-H]1-,225.15,model,dlnormPar
MS:1002523,13-HOTrE,[M-H]1-,225.15,meanlog,3.7730727255
MS:1002523,13-HOTrE,[M-H]1-,225.15,sdlog,0.4960890067
MS:1002523,13-HOTrE,[M-H]1-,225.15,scale,0.0010255003
MS:1002523,13-HOTrE,[M-H]1-,225.15,shift,-14.9163634869
MS:1002523,13-HOTrE,[M-H]1-,256.132,model,dlnormPar
MS:1002523,13-HOTrE,[M-H]1-,256.132,meanlog,6.3354774842
MS:1002523,13-HOTrE,[M-H]1-,256.132,sdlog,0.0158044219
MS:1002523,13-HOTrE,[M-H]1-,256.132,scale,0.0202231041
MS:1002523,13-HOTrE,[M-H]1-,256.132,shift,542.043724158
MS:1002523,13-HOTrE,[M-H]1-,275.201,model,dlnormPar
MS:1002523,13-HOTrE,[M-H]1-,275.201,meanlog,6.3578017143
MS:1002523,13-HOTrE,[M-H]1-,275.201,sdlog,0.0207458009
MS:1002523,13-HOTrE,[M-H]1-,275.201,scale,0.0878930442
MS:1002523,13-HOTrE,[M-H]1-,275.201,shift,542.5163175483
MS:1002523,13-HOTrE,[M-H]1-,59.013,model,dlnormPar
MS:1002523,13-HOTrE,[M-H]1-,59.013,meanlog,6.6662909735
MS:1002523,13-HOTrE,[M-H]1-,59.013,sdlog,0.8773001233
MS:1002523,13-HOTrE,[M-H]1-,59.013,scale,5
MS:1002523,13-HOTrE,[M-H]1-,59.013,shift,-14.1255912469
MS:1002523,13-HOTrE,[M-H]1-,precursor,model,dlnormPar
MS:1002523,13-HOTrE,[M-H]1-,precursor,meanlog,5.3123997585
MS:1002523,13-HOTrE,[M-H]1-,precursor,sdlog,0.0796281683
MS:1002523,13-HOTrE,[M-H]1-,precursor,scale,2.8293744431
MS:1002523,13-HOTrE,[M-H]1-,precursor,shift,188.9849749234
MS:1002523,15-HEPE,[M-H]1-,111.082,model,dlnormPar
MS:1002523,15-HEPE,[M-H]1-,111.082,meanlog,4.5162312696
MS:1002523,15-HEPE,[M-H]1-,111.082,sdlog,0.1697431527
MS:1002523,15-HEPE,[M-H]1-,111.082,scale,0.0443710765
MS:1002523,15-HEPE,[M-H]1-,111.082,shift,46.7054915681
MS:1002523,15-HEPE,[M-H]1-,121.102,model,dlnormPar
MS:1002523,15-HEPE,[M-H]1-,121.102,meanlog,5.3008933748
MS:1002523,15-HEPE,[M-H]1-,121.102,sdlog,0.0633203697
MS:1002523,15-HEPE,[M-H]1-,121.102,scale,0.0563081648
MS:1002523,15-HEPE,[M-H]1-,121.102,shift,163.349222767
MS:1002523,15-HEPE,[M-H]1-,147.118,model,dlnormPar
MS:1002523,15-HEPE,[M-H]1-,147.118,meanlog,6.7579681107
MS:1002523,15-HEPE,[M-H]1-,147.118,sdlog,0.017383307
MS:1002523,15-HEPE,[M-H]1-,147.118,scale,0.0440213254
MS:1002523,15-HEPE,[M-H]1-,147.118,shift,816.9498007825
MS:1002523,15-HEPE,[M-H]1-,175.149,model,dlnormPar
MS:1002523,15-HEPE,[M-H]1-,175.149,meanlog,6.3175870598
MS:1002523,15-HEPE,[M-H]1-,175.149,sdlog,0.0205211494
MS:1002523,15-HEPE,[M-H]1-,175.149,scale,0.0901745715
MS:1002523,15-HEPE,[M-H]1-,175.149,shift,526.8892056541
MS:1002523,15-HEPE,[M-H]1-,219.139,model,dlnormPar
MS:1002523,15-HEPE,[M-H]1-,219.139,meanlog,5.7959870387
MS:1002523,15-HEPE,[M-H]1-,219.139,sdlog,0.03440641
MS:1002523,15-HEPE,[M-H]1-,219.139,scale,0.3281348831
MS:1002523,15-HEPE,[M-H]1-,219.139,shift,312.2531553855
MS:1002523,15-HEPE,[M-H]1-,248.142,model,dlnormPar
MS:1002523,15-HEPE,[M-H]1-,248.142,meanlog,6.053345687
MS:1002523,15-HEPE,[M-H]1-,248.142,sdlog,0.0221855616
MS:1002523,15-HEPE,[M-H]1-,248.142,scale,0.0595095773
MS:1002523,15-HEPE,[M-H]1-,248.142,shift,407.7476849214
MS:1002523,15-HEPE,[M-H]1-,255.212,model,dlnormPar
MS:1002523,15-HEPE,[M-H]1-,255.212,meanlog,6.0370182518
MS:1002523,15-HEPE,[M-H]1-,255.212,sdlog,0.0289588609
MS:1002523,15-HEPE,[M-H]1-,255.212,scale,0.1909257637
MS:1002523,15-HEPE,[M-H]1-,255.212,shift,397.360469068
MS:1002523,15-HEPE,[M-H]1-,299.202,model,dlnormPar
MS:1002523,15-HEPE,[M-H]1-,299.202,meanlog,5.2674750439
MS:1002523,15-HEPE,[M-H]1-,299.202,sdlog,0.0568689867
MS:1002523,15-HEPE,[M-H]1-,299.202,scale,0.2213784074
MS:1002523,15-HEPE,[M-H]1-,299.202,shift,179.9281997023
MS:1002523,15-HEPE,[M-H]1-,59.014,model,dlnormPar
MS:1002523,15-HEPE,[M-H]1-,59.014,meanlog,4.3016195837
MS:1002523,15-HEPE,[M-H]1-,59.014,sdlog,0.3618299672
MS:1002523,15-HEPE,[M-H]1-,59.014,scale,0.3952048579
MS:1002523,15-HEPE,[M-H]1-,59.014,shift,2.9228789147
MS:1002523,15-HEPE,[M-H]1-,precursor,model,dlnormPar
MS:1002523,15-HEPE,[M-H]1-,precursor,meanlog,3.3339340312
MS:1002523,15-HEPE,[M-H]1-,precursor,sdlog,0.2338908245
MS:1002523,15-HEPE,[M-H]1-,precursor,scale,0.490920134
MS:1002523,15-HEPE,[M-H]1-,precursor,shift,14.1022048722
MS:1002523,16-HDoHE,[M-H]1-,125.097,model,dlnormPar
MS:1002523,16-HDoHE,[M-H]1-,125.097,meanlog,5.1050729959
MS:1002523,16-HDoHE,[M-H]1-,125.097,sdlog,0.0724456424
MS:1002523,16-HDoHE,[M-H]1-,125.097,scale,0.0302613375
MS:1002523,16-HDoHE,[M-H]1-,125.097,shift,129.4432650361
MS:1002523,16-HDoHE,[M-H]1-,135.118,model,dlnormPar
MS:1002523,16-HDoHE,[M-H]1-,135.118,meanlog,5.6161094318
MS:1002523,16-HDoHE,[M-H]1-,135.118,sdlog,0.0384457931
MS:1002523,16-HDoHE,[M-H]1-,135.118,scale,0.0393230954
MS:1002523,16-HDoHE,[M-H]1-,135.118,shift,238.6932982416
MS:1002523,16-HDoHE,[M-H]1-,189.165,model,dlnormPar
MS:1002523,16-HDoHE,[M-H]1-,189.165,meanlog,5.9427159023
MS:1002523,16-HDoHE,[M-H]1-,189.165,sdlog,0.023734786
MS:1002523,16-HDoHE,[M-H]1-,189.165,scale,0.0926382827
MS:1002523,16-HDoHE,[M-H]1-,189.165,shift,351.5116864643
MS:1002523,16-HDoHE,[M-H]1-,233.155,model,dlnormPar
MS:1002523,16-HDoHE,[M-H]1-,233.155,meanlog,6.1482017562
MS:1002523,16-HDoHE,[M-H]1-,233.155,sdlog,0.0214792879
MS:1002523,16-HDoHE,[M-H]1-,233.155,scale,0.4070142279
MS:1002523,16-HDoHE,[M-H]1-,233.155,shift,446.2968122866
MS:1002523,16-HDoHE,[M-H]1-,261.149,model,dlnormPar
MS:1002523,16-HDoHE,[M-H]1-,261.149,meanlog,6.1095669595
MS:1002523,16-HDoHE,[M-H]1-,261.149,sdlog,0.0224513993
MS:1002523,16-HDoHE,[M-H]1-,261.149,scale,0.0192773743
MS:1002523,16-HDoHE,[M-H]1-,261.149,shift,427.0605060919
MS:1002523,16-HDoHE,[M-H]1-,281.227,model,dlnormPar
MS:1002523,16-HDoHE,[M-H]1-,281.227,meanlog,6.0145675352
MS:1002523,16-HDoHE,[M-H]1-,281.227,sdlog,0.0228997511
MS:1002523,16-HDoHE,[M-H]1-,281.227,scale,0.036993154
MS:1002523,16-HDoHE,[M-H]1-,281.227,shift,386.7394276317
MS:1002523,16-HDoHE,[M-H]1-,299.238,model,dlnormPar
MS:1002523,16-HDoHE,[M-H]1-,299.238,meanlog,6.090173072
MS:1002523,16-HDoHE,[M-H]1-,299.238,sdlog,0.0200820148
MS:1002523,16-HDoHE,[M-H]1-,299.238,scale,0.0325885674
MS:1002523,16-HDoHE,[M-H]1-,299.238,shift,419.080177012
MS:1002523,16-HDoHE,[M-H]1-,325.217,model,dlnormPar
MS:1002523,16-HDoHE,[M-H]1-,325.217,meanlog,5.8250362631
MS:1002523,16-HDoHE,[M-H]1-,325.217,sdlog,0.0280954703
MS:1002523,16-HDoHE,[M-H]1-,325.217,scale,0.0520563315
MS:1002523,16-HDoHE,[M-H]1-,325.217,shift,319.8143353957
MS:1002523,16-HDoHE,[M-H]1-,59.013,model,dlnormPar
MS:1002523,16-HDoHE,[M-H]1-,59.013,meanlog,4.1885852409
MS:1002523,16-HDoHE,[M-H]1-,59.013,sdlog,0.3508250935
MS:1002523,16-HDoHE,[M-H]1-,59.013,scale,0.49335161
MS:1002523,16-HDoHE,[M-H]1-,59.013,shift,-0.8035325325
MS:1002523,16-HDoHE,[M-H]1-,precursor,model,dlnormPar
MS:1002523,16-HDoHE,[M-H]1-,precursor,meanlog,3.1104427848
MS:1002523,16-HDoHE,[M-H]1-,precursor,sdlog,0.2679934916
MS:1002523,16-HDoHE,[M-H]1-,precursor,scale,0.7694338795
MS:1002523,16-HDoHE,[M-H]1-,precursor,shift,8.9274761885
MS:1002523,18-HEPE,[M-H]1-,161.134,model,dlnormPar
MS:1002523,18-HEPE,[M-H]1-,161.134,meanlog,6.1987700722
MS:1002523,18-HEPE,[M-H]1-,161.134,sdlog,0.0254531435
MS:1002523,18-HEPE,[M-H]1-,161.134,scale,0.0467626586
MS:1002523,18-HEPE,[M-H]1-,161.134,shift,460.1465639997
MS:1002523,18-HEPE,[M-H]1-,201.165,model,dlnormPar
MS:1002523,18-HEPE,[M-H]1-,201.165,meanlog,6.4098233392
MS:1002523,18-HEPE,[M-H]1-,201.165,sdlog,0.0176800888
MS:1002523,18-HEPE,[M-H]1-,201.165,scale,0.0307698933
MS:1002523,18-HEPE,[M-H]1-,201.165,shift,578.1107168867
MS:1002523,18-HEPE,[M-H]1-,215.181,model,dlnormPar
MS:1002523,18-HEPE,[M-H]1-,215.181,meanlog,6.2486985734
MS:1002523,18-HEPE,[M-H]1-,215.181,sdlog,0.0227425024
MS:1002523,18-HEPE,[M-H]1-,215.181,scale,0.1695925557
MS:1002523,18-HEPE,[M-H]1-,215.181,shift,495.2197973202
MS:1002523,18-HEPE,[M-H]1-,255.212,model,dlnormPar
MS:1002523,18-HEPE,[M-H]1-,255.212,meanlog,6.1295501936
MS:1002523,18-HEPE,[M-H]1-,255.212,sdlog,0.0255924886
MS:1002523,18-HEPE,[M-H]1-,255.212,scale,0.1877427305
MS:1002523,18-HEPE,[M-H]1-,255.212,shift,438.5724087977
MS:1002523,18-HEPE,[M-H]1-,259.17,model,dlnormPar
MS:1002523,18-HEPE,[M-H]1-,259.17,meanlog,5.5494716769
MS:1002523,18-HEPE,[M-H]1-,259.17,sdlog,0.0421797889
MS:1002523,18-HEPE,[M-H]1-,259.17,scale,0.2366538078
MS:1002523,18-HEPE,[M-H]1-,259.17,shift,242.0873930531
MS:1002523,18-HEPE,[M-H]1-,273.222,model,dlnormPar
MS:1002523,18-HEPE,[M-H]1-,273.222,meanlog,5.817817322
MS:1002523,18-HEPE,[M-H]1-,273.222,sdlog,0.0374766936
MS:1002523,18-HEPE,[M-H]1-,273.222,scale,0.0906792401
MS:1002523,18-HEPE,[M-H]1-,273.222,shift,319.5694788879
MS:1002523,18-HEPE,[M-H]1-,299.202,model,dlnormPar
MS:1002523,18-HEPE,[M-H]1-,299.202,meanlog,4.9292950832
MS:1002523,18-HEPE,[M-H]1-,299.202,sdlog,0.0753573711
MS:1002523,18-HEPE,[M-H]1-,299.202,scale,0.2718185335
MS:1002523,18-HEPE,[M-H]1-,299.202,shift,124.5284823055
MS:1002523,18-HEPE,[M-H]1-,59.014,model,dlnormPar
MS:1002523,18-HEPE,[M-H]1-,59.014,meanlog,4.367582021
MS:1002523,18-HEPE,[M-H]1-,59.014,sdlog,0.3907493791
MS:1002523,18-HEPE,[M-H]1-,59.014,scale,0.4051977334
MS:1002523,18-HEPE,[M-H]1-,59.014,shift,2.924359461
MS:1002523,18-HEPE,[M-H]1-,71.05,model,dlnormPar
MS:1002523,18-HEPE,[M-H]1-,71.05,meanlog,4.5592066619
MS:1002523,18-HEPE,[M-H]1-,71.05,sdlog,0.4385537233
MS:1002523,18-HEPE,[M-H]1-,71.05,scale,0.2787129154
MS:1002523,18-HEPE,[M-H]1-,71.05,shift,13.8686407021
MS:1002523,18-HEPE,[M-H]1-,precursor,model,dlnormPar
MS:1002523,18-HEPE,[M-H]1-,precursor,meanlog,3.1170298126
MS:1002523,18-HEPE,[M-H]1-,precursor,sdlog,0.300968275
MS:1002523,18-HEPE,[M-H]1-,precursor,scale,0.4709382408
MS:1002523,18-HEPE,[M-H]1-,precursor,shift,8.1939682522
MS:1002523,5.12-DiHETE,[M-H]1-,123.082,model,dlnormPar
MS:1002523,5.12-DiHETE,[M-H]1-,123.082,meanlog,3.8246971551
MS:1002523,5.12-DiHETE,[M-H]1-,123.082,sdlog,0.3231873822
MS:1002523,5.12-DiHETE,[M-H]1-,123.082,scale,0.042141855
MS:1002523,5.12-DiHETE,[M-H]1-,123.082,shift,1.6110507311
MS:1002523,5.12-DiHETE,[M-H]1-,129.056,model,dlnormPar
MS:1002523,5.12-DiHETE,[M-H]1-,129.056,meanlog,4.1939686637
MS:1002523,5.12-DiHETE,[M-H]1-,129.056,sdlog,0.2564789138
MS:1002523,5.12-DiHETE,[M-H]1-,129.056,scale,0.1370809065
MS:1002523,5.12-DiHETE,[M-H]1-,129.056,shift,19.4800330379
MS:1002523,5.12-DiHETE,[M-H]1-,151.113,model,dlnormPar
MS:1002523,5.12-DiHETE,[M-H]1-,151.113,meanlog,3.8767731673
MS:1002523,5.12-DiHETE,[M-H]1-,151.113,sdlog,0.2095070995
MS:1002523,5.12-DiHETE,[M-H]1-,151.113,scale,0.0259816853
MS:1002523,5.12-DiHETE,[M-H]1-,151.113,shift,11.8329508742
MS:1002523,5.12-DiHETE,[M-H]1-,181.087,model,dlnormPar
MS:1002523,5.12-DiHETE,[M-H]1-,181.087,meanlog,4.0649367949
MS:1002523,5.12-DiHETE,[M-H]1-,181.087,sdlog,0.2566369806
MS:1002523,5.12-DiHETE,[M-H]1-,181.087,scale,0.0231773299
MS:1002523,5.12-DiHETE,[M-H]1-,181.087,shift,21.3982229496
MS:1002523,5.12-DiHETE,[M-H]1-,195.103,model,dlnormPar
MS:1002523,5.12-DiHETE,[M-H]1-,195.103,meanlog,6.0959711482
MS:1002523,5.12-DiHETE,[M-H]1-,195.103,sdlog,0.0175838583
MS:1002523,5.12-DiHETE,[M-H]1-,195.103,scale,0.1451875847
MS:1002523,5.12-DiHETE,[M-H]1-,195.103,shift,418.0780075795
MS:1002523,5.12-DiHETE,[M-H]1-,273.222,model,dlnormPar
MS:1002523,5.12-DiHETE,[M-H]1-,273.222,meanlog,5.656596625
MS:1002523,5.12-DiHETE,[M-H]1-,273.222,sdlog,0.0300312243
MS:1002523,5.12-DiHETE,[M-H]1-,273.222,scale,0.0160212507
MS:1002523,5.12-DiHETE,[M-H]1-,273.222,shift,257.7626215739
MS:1002523,5.12-DiHETE,[M-H]1-,317.212,model,dlnormPar
MS:1002523,5.12-DiHETE,[M-H]1-,317.212,meanlog,6.1242944967
MS:1002523,5.12-DiHETE,[M-H]1-,317.212,sdlog,0.0180685403
MS:1002523,5.12-DiHETE,[M-H]1-,317.212,scale,0.0878348116
MS:1002523,5.12-DiHETE,[M-H]1-,317.212,shift,434.6219786632
MS:1002523,5.12-DiHETE,[M-H]1-,59.014,model,dlnormPar
MS:1002523,5.12-DiHETE,[M-H]1-,59.014,meanlog,4.9350788167
MS:1002523,5.12-DiHETE,[M-H]1-,59.014,sdlog,0.8198588143
MS:1002523,5.12-DiHETE,[M-H]1-,59.014,scale,1.1294563145
MS:1002523,5.12-DiHETE,[M-H]1-,59.014,shift,-9.7928498243
MS:1002523,5.12-DiHETE,[M-H]1-,71.014,model,dlnormPar
MS:1002523,5.12-DiHETE,[M-H]1-,71.014,meanlog,4.3436833861
MS:1002523,5.12-DiHETE,[M-H]1-,71.014,sdlog,0.8044713349
MS:1002523,5.12-DiHETE,[M-H]1-,71.014,scale,0.2478963008
MS:1002523,5.12-DiHETE,[M-H]1-,71.014,shift,-11.2648302288
MS:1002523,5.12-DiHETE,[M-H]1-,precursor,model,dlnormPar
MS:1002523,5.12-DiHETE,[M-H]1-,precursor,meanlog,5.2158084571
MS:1002523,5.12-DiHETE,[M-H]1-,precursor,sdlog,0.0429486462
MS:1002523,5.12-DiHETE,[M-H]1-,precursor,scale,1.33822012
MS:1002523,5.12-DiHETE,[M-H]1-,precursor,shift,171.3008558998
MS:1002523,5.6-DiHETE,[M-H]1-,115.04,model,dlnormPar
MS:1002523,5.6-DiHETE,[M-H]1-,115.04,meanlog,5.8058908879
MS:1002523,5.6-DiHETE,[M-H]1-,115.04,sdlog,0.0586185458
MS:1002523,5.6-DiHETE,[M-H]1-,115.04,scale,0.4823577732
MS:1002523,5.6-DiHETE,[M-H]1-,115.04,shift,298.7653102747
MS:1002523,5.6-DiHETE,[M-H]1-,145.051,model,dlnormPar
MS:1002523,5.6-DiHETE,[M-H]1-,145.051,meanlog,4.3760872677
MS:1002523,5.6-DiHETE,[M-H]1-,145.051,sdlog,0.1667491315
MS:1002523,5.6-DiHETE,[M-H]1-,145.051,scale,0.1579875927
MS:1002523,5.6-DiHETE,[M-H]1-,145.051,shift,61.5307932994
MS:1002523,5.6-DiHETE,[M-H]1-,163.149,model,dlnormPar
MS:1002523,5.6-DiHETE,[M-H]1-,163.149,meanlog,5.1106942796
MS:1002523,5.6-DiHETE,[M-H]1-,163.149,sdlog,0.0740275525
MS:1002523,5.6-DiHETE,[M-H]1-,163.149,scale,0.0514433616
MS:1002523,5.6-DiHETE,[M-H]1-,163.149,shift,128.4549747506
MS:1002523,5.6-DiHETE,[M-H]1-,189.165,model,dlnormPar
MS:1002523,5.6-DiHETE,[M-H]1-,189.165,meanlog,6.5437048587
MS:1002523,5.6-DiHETE,[M-H]1-,189.165,sdlog,0.0186564447
MS:1002523,5.6-DiHETE,[M-H]1-,189.165,scale,0.0485221895
MS:1002523,5.6-DiHETE,[M-H]1-,189.165,shift,660.2773911804
MS:1002523,5.6-DiHETE,[M-H]1-,219.175,model,dlnormPar
MS:1002523,5.6-DiHETE,[M-H]1-,219.175,meanlog,5.9724998467
MS:1002523,5.6-DiHETE,[M-H]1-,219.175,sdlog,0.0298550046
MS:1002523,5.6-DiHETE,[M-H]1-,219.175,scale,0.0636099912
MS:1002523,5.6-DiHETE,[M-H]1-,219.175,shift,367.2489353287
MS:1002523,5.6-DiHETE,[M-H]1-,273.222,model,dlnormPar
MS:1002523,5.6-DiHETE,[M-H]1-,273.222,meanlog,6.0789499474
MS:1002523,5.6-DiHETE,[M-H]1-,273.222,sdlog,0.0201808623
MS:1002523,5.6-DiHETE,[M-H]1-,273.222,scale,0.0443229049
MS:1002523,5.6-DiHETE,[M-H]1-,273.222,shift,414.091794362
MS:1002523,5.6-DiHETE,[M-H]1-,317.212,model,dlnormPar
MS:1002523,5.6-DiHETE,[M-H]1-,317.212,meanlog,5.2425844709
MS:1002523,5.6-DiHETE,[M-H]1-,317.212,sdlog,0.0421772836
MS:1002523,5.6-DiHETE,[M-H]1-,317.212,scale,0.4326452733
MS:1002523,5.6-DiHETE,[M-H]1-,317.212,shift,175.7462538594
MS:1002523,5.6-DiHETE,[M-H]1-,59.013,model,dlnormPar
MS:1002523,5.6-DiHETE,[M-H]1-,59.013,meanlog,5.967375549
MS:1002523,5.6-DiHETE,[M-H]1-,59.013,sdlog,0.0553341031
MS:1002523,5.6-DiHETE,[M-H]1-,59.013,scale,0.3436753607
MS:1002523,5.6-DiHETE,[M-H]1-,59.013,shift,320.9636042893
MS:1002523,5.6-DiHETE,[M-H]1-,69.034,model,dlnormPar
MS:1002523,5.6-DiHETE,[M-H]1-,69.034,meanlog,7.2109790576
MS:1002523,5.6-DiHETE,[M-H]1-,69.034,sdlog,1.1513401951
MS:1002523,5.6-DiHETE,[M-H]1-,69.034,scale,5
MS:1002523,5.6-DiHETE,[M-H]1-,69.034,shift,-3.2820912851
MS:1002523,5.6-DiHETE,[M-H]1-,precursor,model,dlnormPar
MS:1002523,5.6-DiHETE,[M-H]1-,precursor,meanlog,3.4446341047
MS:1002523,5.6-DiHETE,[M-H]1-,precursor,sdlog,0.1636453925
MS:1002523,5.6-DiHETE,[M-H]1-,precursor,scale,0.3354866515
MS:1002523,5.6-DiHETE,[M-H]1-,precursor,shift,18.4191555623
MS:1002523,5-HEPE,[M-H]1-,115.04,model,dlnormPar
MS:1002523,5-HEPE,[M-H]1-,115.04,meanlog,6.4516258383
MS:1002523,5-HEPE,[M-H]1-,115.04,sdlog,0.0318626493
MS:1002523,5-HEPE,[M-H]1-,115.04,scale,0.6559112683
MS:1002523,5-HEPE,[M-H]1-,115.04,shift,605.6851098367
MS:1002523,5-HEPE,[M-H]1-,121.102,model,dlnormPar
MS:1002523,5-HEPE,[M-H]1-,121.102,meanlog,5.0677295713
MS:1002523,5-HEPE,[M-H]1-,121.102,sdlog,0.0845666485
MS:1002523,5-HEPE,[M-H]1-,121.102,scale,0.0385467099
MS:1002523,5-HEPE,[M-H]1-,121.102,shift,120.8521510136
MS:1002523,5-HEPE,[M-H]1-,163.149,model,dlnormPar
MS:1002523,5-HEPE,[M-H]1-,163.149,meanlog,5.2447637144
MS:1002523,5-HEPE,[M-H]1-,163.149,sdlog,0.06388956
MS:1002523,5-HEPE,[M-H]1-,163.149,scale,0.0317248655
MS:1002523,5-HEPE,[M-H]1-,163.149,shift,175.6889656696
MS:1002523,5-HEPE,[M-H]1-,201.165,model,dlnormPar
MS:1002523,5-HEPE,[M-H]1-,201.165,meanlog,6.2530765319
MS:1002523,5-HEPE,[M-H]1-,201.165,sdlog,0.0234543893
MS:1002523,5-HEPE,[M-H]1-,201.165,scale,0.1021944334
MS:1002523,5-HEPE,[M-H]1-,201.165,shift,497.7137702555
MS:1002523,5-HEPE,[M-H]1-,255.212,model,dlnormPar
MS:1002523,5-HEPE,[M-H]1-,255.212,meanlog,5.564170068
MS:1002523,5-HEPE,[M-H]1-,255.212,sdlog,0.0399608963
MS:1002523,5-HEPE,[M-H]1-,255.212,scale,0.3442727193
MS:1002523,5-HEPE,[M-H]1-,255.212,shift,245.5792461653
MS:1002523,5-HEPE,[M-H]1-,299.202,model,dlnormPar
MS:1002523,5-HEPE,[M-H]1-,299.202,meanlog,3.7917492637
MS:1002523,5-HEPE,[M-H]1-,299.202,sdlog,0.1622408375
MS:1002523,5-HEPE,[M-H]1-,299.202,scale,0.2033694256
MS:1002523,5-HEPE,[M-H]1-,299.202,shift,30.4676372197
MS:1002523,5-HEPE,[M-H]1-,59.014,model,dlnormPar
MS:1002523,5-HEPE,[M-H]1-,59.014,meanlog,6.216614263
MS:1002523,5-HEPE,[M-H]1-,59.014,sdlog,1.0995337086
MS:1002523,5-HEPE,[M-H]1-,59.014,scale,5
MS:1002523,5-HEPE,[M-H]1-,59.014,shift,-10.4642856288
MS:1002523,5-HEPE,[M-H]1-,71.014,model,dlnormPar
MS:1002523,5-HEPE,[M-H]1-,71.014,meanlog,4.4110574592
MS:1002523,5-HEPE,[M-H]1-,71.014,sdlog,0.6000400887
MS:1002523,5-HEPE,[M-H]1-,71.014,scale,0.0640408881
MS:1002523,5-HEPE,[M-H]1-,71.014,shift,3.4313451717
MS:1002523,5-HEPE,[M-H]1-,93.071,model,dlnormPar
MS:1002523,5-HEPE,[M-H]1-,93.071,meanlog,5.0528258751
MS:1002523,5-HEPE,[M-H]1-,93.071,sdlog,0.0936972373
MS:1002523,5-HEPE,[M-H]1-,93.071,scale,0.0211412416
MS:1002523,5-HEPE,[M-H]1-,93.071,shift,121.6854135622
MS:1002523,5-HEPE,[M-H]1-,precursor,model,dlnormPar
MS:1002523,5-HEPE,[M-H]1-,precursor,meanlog,3.8596954942
MS:1002523,5-HEPE,[M-H]1-,precursor,sdlog,0.1399780132
MS:1002523,5-HEPE,[M-H]1-,precursor,scale,0.2608326488
MS:1002523,5-HEPE,[M-H]1-,precursor,shift,33.9672328235
MS:1002523,5-HpETE,[M-H]1-,109.066,model,dlnormPar
MS:1002523,5-HpETE,[M-H]1-,109.066,meanlog,6.3037411591
MS:1002523,5-HpETE,[M-H]1-,109.066,sdlog,0.0490447998
MS:1002523,5-HpETE,[M-H]1-,109.066,scale,0.1027251372
MS:1002523,5-HpETE,[M-H]1-,109.066,shift,511.5638155242
MS:1002523,5-HpETE,[M-H]1-,129.056,model,dlnormPar
MS:1002523,5-HpETE,[M-H]1-,129.056,meanlog,5.0993619227
MS:1002523,5-HpETE,[M-H]1-,129.056,sdlog,0.105477841
MS:1002523,5-HpETE,[M-H]1-,129.056,scale,0.2674493125
MS:1002523,5-HpETE,[M-H]1-,129.056,shift,149.9180333407
MS:1002523,5-HpETE,[M-H]1-,155.071,model,dlnormPar
MS:1002523,5-HpETE,[M-H]1-,155.071,meanlog,6.1606192661
MS:1002523,5-HpETE,[M-H]1-,155.071,sdlog,0.0332335185
MS:1002523,5-HpETE,[M-H]1-,155.071,scale,0.1187272146
MS:1002523,5-HpETE,[M-H]1-,155.071,shift,451.0423701578
MS:1002523,5-HpETE,[M-H]1-,163.149,model,dlnormPar
MS:1002523,5-HpETE,[M-H]1-,163.149,meanlog,5.7270792877
MS:1002523,5-HpETE,[M-H]1-,163.149,sdlog,0.0421606709
MS:1002523,5-HpETE,[M-H]1-,163.149,scale,0.0882791381
MS:1002523,5-HpETE,[M-H]1-,163.149,shift,291.2779639184
MS:1002523,5-HpETE,[M-H]1-,203.18,model,dlnormPar
MS:1002523,5-HpETE,[M-H]1-,203.18,meanlog,6.133881489
MS:1002523,5-HpETE,[M-H]1-,203.18,sdlog,0.0317347701
MS:1002523,5-HpETE,[M-H]1-,203.18,scale,0.1819012782
MS:1002523,5-HpETE,[M-H]1-,203.18,shift,439.7313627481
MS:1002523,5-HpETE,[M-H]1-,273.222,model,dlnormPar
MS:1002523,5-HpETE,[M-H]1-,273.222,meanlog,5.1260313886
MS:1002523,5-HpETE,[M-H]1-,273.222,sdlog,0.0654736591
MS:1002523,5-HpETE,[M-H]1-,273.222,scale,0.1220514069
MS:1002523,5-HpETE,[M-H]1-,273.222,shift,155.174615541
MS:1002523,5-HpETE,[M-H]1-,299.202,model,dlnormPar
MS:1002523,5-HpETE,[M-H]1-,299.202,meanlog,4.3602291446
MS:1002523,5-HpETE,[M-H]1-,299.202,sdlog,0.1208866807
MS:1002523,5-HpETE,[M-H]1-,299.202,scale,0.0404806519
MS:1002523,5-HpETE,[M-H]1-,299.202,shift,65.7652955937
MS:1002523,5-HpETE,[M-H]1-,317.212,model,dlnormPar
MS:1002523,5-HpETE,[M-H]1-,317.212,meanlog,3.0217916407
MS:1002523,5-HpETE,[M-H]1-,317.212,sdlog,0.2513571193
MS:1002523,5-HpETE,[M-H]1-,317.212,scale,0.1386612253
MS:1002523,5-HpETE,[M-H]1-,317.212,shift,7.2236167941
MS:1002523,5-HpETE,[M-H]1-,59.014,model,dlnormPar
MS:1002523,5-HpETE,[M-H]1-,59.014,meanlog,6.8951066562
MS:1002523,5-HpETE,[M-H]1-,59.014,sdlog,0.0264477437
MS:1002523,5-HpETE,[M-H]1-,59.014,scale,0.5067374186
MS:1002523,5-HpETE,[M-H]1-,59.014,shift,935.1194047391
MS:1002523,5-HpETE,[M-H]1-,precursor,model,dlnormPar
MS:1002523,5-HpETE,[M-H]1-,precursor,meanlog,3.3137887362
MS:1002523,5-HpETE,[M-H]1-,precursor,sdlog,0.2128902482
MS:1002523,5-HpETE,[M-H]1-,precursor,scale,0.0508821803
MS:1002523,5-HpETE,[M-H]1-,precursor,shift,14.0815200683
MS:1002523,8-HDoHE,[M-H]1-,107.087,model,dlnormPar
MS:1002523,8-HDoHE,[M-H]1-,107.087,meanlog,3.7930071386
MS:1002523,8-HDoHE,[M-H]1-,107.087,sdlog,0.3287651437
MS:1002523,8-HDoHE,[M-H]1-,107.087,scale,0.0249629157
MS:1002523,8-HDoHE,[M-H]1-,107.087,shift,14.3389317586
MS:1002523,8-HDoHE,[M-H]1-,109.066,model,dlnormPar
MS:1002523,8-HDoHE,[M-H]1-,109.066,meanlog,5.7823426009
MS:1002523,8-HDoHE,[M-H]1-,109.066,sdlog,0.0701478038
MS:1002523,8-HDoHE,[M-H]1-,109.066,scale,0.7164883169
MS:1002523,8-HDoHE,[M-H]1-,109.066,shift,276.752399267
MS:1002523,8-HDoHE,[M-H]1-,121.102,model,dlnormPar
MS:1002523,8-HDoHE,[M-H]1-,121.102,meanlog,6.3962778517
MS:1002523,8-HDoHE,[M-H]1-,121.102,sdlog,0.0226386679
MS:1002523,8-HDoHE,[M-H]1-,121.102,scale,0.0157095968
MS:1002523,8-HDoHE,[M-H]1-,121.102,shift,561.4523019971
MS:1002523,8-HDoHE,[M-H]1-,135.118,model,dlnormPar
MS:1002523,8-HDoHE,[M-H]1-,135.118,meanlog,4.4938460643
MS:1002523,8-HDoHE,[M-H]1-,135.118,sdlog,0.1449249358
MS:1002523,8-HDoHE,[M-H]1-,135.118,scale,0.2063776258
MS:1002523,8-HDoHE,[M-H]1-,135.118,shift,55.4304962858
MS:1002523,8-HDoHE,[M-H]1-,189.165,model,dlnormPar
MS:1002523,8-HDoHE,[M-H]1-,189.165,meanlog,5.760859819
MS:1002523,8-HDoHE,[M-H]1-,189.165,sdlog,0.033936447
MS:1002523,8-HDoHE,[M-H]1-,189.165,scale,0.3838715855
MS:1002523,8-HDoHE,[M-H]1-,189.165,shift,299.2796563407
MS:1002523,8-HDoHE,[M-H]1-,243.175,model,dlnormPar
MS:1002523,8-HDoHE,[M-H]1-,243.175,meanlog,5.8993705502
MS:1002523,8-HDoHE,[M-H]1-,243.175,sdlog,0.029415427
MS:1002523,8-HDoHE,[M-H]1-,243.175,scale,0.0211031093
MS:1002523,8-HDoHE,[M-H]1-,243.175,shift,342.8948351172
MS:1002523,8-HDoHE,[M-H]1-,281.227,model,dlnormPar
MS:1002523,8-HDoHE,[M-H]1-,281.227,meanlog,5.3966872529
MS:1002523,8-HDoHE,[M-H]1-,281.227,sdlog,0.046363338
MS:1002523,8-HDoHE,[M-H]1-,281.227,scale,0.0424472206
MS:1002523,8-HDoHE,[M-H]1-,281.227,shift,205.0562704846
MS:1002523,8-HDoHE,[M-H]1-,299.238,model,dlnormPar
MS:1002523,8-HDoHE,[M-H]1-,299.238,meanlog,5.7683375233
MS:1002523,8-HDoHE,[M-H]1-,299.238,sdlog,0.0271001911
MS:1002523,8-HDoHE,[M-H]1-,299.238,scale,0.0370362786
MS:1002523,8-HDoHE,[M-H]1-,299.238,shift,303.6029844376
MS:1002523,8-HDoHE,[M-H]1-,69.034,model,dlnormPar
MS:1002523,8-HDoHE,[M-H]1-,69.034,meanlog,10.2530744593
MS:1002523,8-HDoHE,[M-H]1-,69.034,sdlog,0.942343733
MS:1002523,8-HDoHE,[M-H]1-,69.034,scale,1.3365036078
MS:1002523,8-HDoHE,[M-H]1-,69.034,shift,975.3709296643
MS:1002523,8-HDoHE,[M-H]1-,precursor,model,dlnormPar
MS:1002523,8-HDoHE,[M-H]1-,precursor,meanlog,5.1575780545
MS:1002523,8-HDoHE,[M-H]1-,precursor,sdlog,0.0254970096
MS:1002523,8-HDoHE,[M-H]1-,precursor,scale,0.3661210185
MS:1002523,8-HDoHE,[M-H]1-,precursor,shift,161.5667048303
MS:1002523,8-HETE,[M-H]1-,111.082,model,dlnormPar
MS:1002523,8-HETE,[M-H]1-,111.082,meanlog,4.9284667386
MS:1002523,8-HETE,[M-H]1-,111.082,sdlog,0.1107513082
MS:1002523,8-HETE,[M-H]1-,111.082,scale,0.0909922546
MS:1002523,8-HETE,[M-H]1-,111.082,shift,84.3558398729
MS:1002523,8-HETE,[M-H]1-,127.076,model,dlnormPar
MS:1002523,8-HETE,[M-H]1-,127.076,meanlog,4.5997356031
MS:1002523,8-HETE,[M-H]1-,127.076,sdlog,0.1857000937
MS:1002523,8-HETE,[M-H]1-,127.076,scale,0.1271568158
MS:1002523,8-HETE,[M-H]1-,127.076,shift,47.387554311
MS:1002523,8-HETE,[M-H]1-,155.071,model,dlnormPar
MS:1002523,8-HETE,[M-H]1-,155.071,meanlog,5.9900213084
MS:1002523,8-HETE,[M-H]1-,155.071,sdlog,0.0423688953
MS:1002523,8-HETE,[M-H]1-,155.071,scale,0.335613968
MS:1002523,8-HETE,[M-H]1-,155.071,shift,369.031911343
MS:1002523,8-HETE,[M-H]1-,163.149,model,dlnormPar
MS:1002523,8-HETE,[M-H]1-,163.149,meanlog,5.5464304785
MS:1002523,8-HETE,[M-H]1-,163.149,sdlog,0.0527478347
MS:1002523,8-HETE,[M-H]1-,163.149,scale,0.2089595705
MS:1002523,8-HETE,[M-H]1-,163.149,shift,216.0714406145
MS:1002523,8-HETE,[M-H]1-,203.18,model,dlnormPar
MS:1002523,8-HETE,[M-H]1-,203.18,meanlog,4.7634135227
MS:1002523,8-HETE,[M-H]1-,203.18,sdlog,0.1099632821
MS:1002523,8-HETE,[M-H]1-,203.18,scale,0.0327555559
MS:1002523,8-HETE,[M-H]1-,203.18,shift,82.7678796911
MS:1002523,8-HETE,[M-H]1-,257.227,model,dlnormPar
MS:1002523,8-HETE,[M-H]1-,257.227,meanlog,6.1450216156
MS:1002523,8-HETE,[M-H]1-,257.227,sdlog,0.0250058869
MS:1002523,8-HETE,[M-H]1-,257.227,scale,0.160666287
MS:1002523,8-HETE,[M-H]1-,257.227,shift,442.1493741918
MS:1002523,8-HETE,[M-H]1-,275.238,model,dlnormPar
MS:1002523,8-HETE,[M-H]1-,275.238,meanlog,6.2004736606
MS:1002523,8-HETE,[M-H]1-,275.238,sdlog,0.0186885598
MS:1002523,8-HETE,[M-H]1-,275.238,scale,0.0149234966
MS:1002523,8-HETE,[M-H]1-,275.238,shift,466.4820882237
MS:1002523,8-HETE,[M-H]1-,301.217,model,dlnormPar
MS:1002523,8-HETE,[M-H]1-,301.217,meanlog,5.5971756866
MS:1002523,8-HETE,[M-H]1-,301.217,sdlog,0.0416620393
MS:1002523,8-HETE,[M-H]1-,301.217,scale,0.4344911496
MS:1002523,8-HETE,[M-H]1-,301.217,shift,254.0556681519
MS:1002523,8-HETE,[M-H]1-,59.013,model,dlnormPar
MS:1002523,8-HETE,[M-H]1-,59.013,meanlog,6.1979113499
MS:1002523,8-HETE,[M-H]1-,59.013,sdlog,0.7631429045
MS:1002523,8-HETE,[M-H]1-,59.013,scale,5
MS:1002523,8-HETE,[M-H]1-,59.013,shift,-5.3191067986
MS:1002523,8-HETE,[M-H]1-,precursor,model,dlnormPar
MS:1002523,8-HETE,[M-H]1-,precursor,meanlog,3.1913077653
MS:1002523,8-HETE,[M-H]1-,precursor,sdlog,0.2820986276
MS:1002523,8-HETE,[M-H]1-,precursor,scale,0.6593229422
MS:1002523,8-HETE,[M-H]1-,precursor,shift,10.0857461823
MS:1002523,9-HEPE,[M-H]1-,123.082,model,dlnormPar
MS:1002523,9-HEPE,[M-H]1-,123.082,meanlog,4.7226459573
MS:1002523,9-HEPE,[M-H]1-,123.082,sdlog,0.1063125702
MS:1002523,9-HEPE,[M-H]1-,123.082,scale,0.1021134172
MS:1002523,9-HEPE,[M-H]1-,123.082,shift,79.8120455815
MS:1002523,9-HEPE,[M-H]1-,139.076,model,dlnormPar
MS:1002523,9-HEPE,[M-H]1-,139.076,meanlog,5.9406664127
MS:1002523,9-HEPE,[M-H]1-,139.076,sdlog,0.0268538158
MS:1002523,9-HEPE,[M-H]1-,139.076,scale,0.0351349603
MS:1002523,9-HEPE,[M-H]1-,139.076,shift,352.3343640448
MS:1002523,9-HEPE,[M-H]1-,149.133,model,dlnormPar
MS:1002523,9-HEPE,[M-H]1-,149.133,meanlog,6.1696733867
MS:1002523,9-HEPE,[M-H]1-,149.133,sdlog,0.0227341544
MS:1002523,9-HEPE,[M-H]1-,149.133,scale,0.091198001
MS:1002523,9-HEPE,[M-H]1-,149.133,shift,448.4818883315
MS:1002523,9-HEPE,[M-H]1-,167.071,model,dlnormPar
MS:1002523,9-HEPE,[M-H]1-,167.071,meanlog,6.2072354746
MS:1002523,9-HEPE,[M-H]1-,167.071,sdlog,0.019492156
MS:1002523,9-HEPE,[M-H]1-,167.071,scale,0.1454456421
MS:1002523,9-HEPE,[M-H]1-,167.071,shift,474.8649827913
MS:1002523,9-HEPE,[M-H]1-,177.128,model,dlnormPar
MS:1002523,9-HEPE,[M-H]1-,177.128,meanlog,6.174866312
MS:1002523,9-HEPE,[M-H]1-,177.128,sdlog,0.0211821717
MS:1002523,9-HEPE,[M-H]1-,177.128,scale,0.0289175323
MS:1002523,9-HEPE,[M-H]1-,177.128,shift,455.5730745184
MS:1002523,9-HEPE,[M-H]1-,255.212,model,dlnormPar
MS:1002523,9-HEPE,[M-H]1-,255.212,meanlog,6.2746507524
MS:1002523,9-HEPE,[M-H]1-,255.212,sdlog,0.0189720839
MS:1002523,9-HEPE,[M-H]1-,255.212,scale,0.0632545652
MS:1002523,9-HEPE,[M-H]1-,255.212,shift,505.8165527389
MS:1002523,9-HEPE,[M-H]1-,299.201,model,dlnormPar
MS:1002523,9-HEPE,[M-H]1-,299.201,meanlog,6.2183571361
MS:1002523,9-HEPE,[M-H]1-,299.201,sdlog,0.0198336421
MS:1002523,9-HEPE,[M-H]1-,299.201,scale,0.0342537167
MS:1002523,9-HEPE,[M-H]1-,299.201,shift,482.1200074377
MS:1002523,9-HEPE,[M-H]1-,59.013,model,dlnormPar
MS:1002523,9-HEPE,[M-H]1-,59.013,meanlog,4.3260715785
MS:1002523,9-HEPE,[M-H]1-,59.013,sdlog,0.3762840324
MS:1002523,9-HEPE,[M-H]1-,59.013,scale,0.3553930057
MS:1002523,9-HEPE,[M-H]1-,59.013,shift,0.473735949
MS:1002523,9-HEPE,[M-H]1-,69.034,model,dlnormPar
MS:1002523,9-HEPE,[M-H]1-,69.034,meanlog,4.2401252775
MS:1002523,9-HEPE,[M-H]1-,69.034,sdlog,0.4111714111
MS:1002523,9-HEPE,[M-H]1-,69.034,scale,0.5898415401
MS:1002523,9-HEPE,[M-H]1-,69.034,shift,5.6874192575
MS:1002523,9-HEPE,[M-H]1-,precursor,model,dlnormPar
MS:1002523,9-HEPE,[M-H]1-,precursor,meanlog,4.9181252107
MS:1002523,9-HEPE,[M-H]1-,precursor,sdlog,0.0533674809
MS:1002523,9-HEPE,[M-H]1-,precursor,scale,1.0001327389
MS:1002523,9-HEPE,[M-H]1-,precursor,shift,123.6631429646
MS:1002523,9-HETE,[M-H]1-,123.082,model,dlnormPar
MS:1002523,9-HETE,[M-H]1-,123.082,meanlog,4.4369834257
MS:1002523,9-HETE,[M-H]1-,123.082,sdlog,0.1387286663
MS:1002523,9-HETE,[M-H]1-,123.082,scale,0.093272561
MS:1002523,9-HETE,[M-H]1-,123.082,shift,49.590989951
MS:1002523,9-HETE,[M-H]1-,139.076,model,dlnormPar
MS:1002523,9-HETE,[M-H]1-,139.076,meanlog,5.430723849
MS:1002523,9-HETE,[M-H]1-,139.076,sdlog,0.0424733587
MS:1002523,9-HETE,[M-H]1-,139.076,scale,0.0355445586
MS:1002523,9-HETE,[M-H]1-,139.076,shift,198.3456533572
MS:1002523,9-HETE,[M-H]1-,167.071,model,dlnormPar
MS:1002523,9-HETE,[M-H]1-,167.071,meanlog,6.4048247283
MS:1002523,9-HETE,[M-H]1-,167.071,sdlog,0.0148316893
MS:1002523,9-HETE,[M-H]1-,167.071,scale,0.0997363024
MS:1002523,9-HETE,[M-H]1-,167.071,shift,580.0606288994
MS:1002523,9-HETE,[M-H]1-,179.144,model,dlnormPar
MS:1002523,9-HETE,[M-H]1-,179.144,meanlog,4.9108616907
MS:1002523,9-HETE,[M-H]1-,179.144,sdlog,0.0850957027
MS:1002523,9-HETE,[M-H]1-,179.144,scale,0.0677897239
MS:1002523,9-HETE,[M-H]1-,179.144,shift,104.6073523013
MS:1002523,9-HETE,[M-H]1-,203.18,model,dlnormPar
MS:1002523,9-HETE,[M-H]1-,203.18,meanlog,4.7525267333
MS:1002523,9-HETE,[M-H]1-,203.18,sdlog,0.0841924455
MS:1002523,9-HETE,[M-H]1-,203.18,scale,0.021998065
MS:1002523,9-HETE,[M-H]1-,203.18,shift,77.7248804677
MS:1002523,9-HETE,[M-H]1-,257.228,model,dlnormPar
MS:1002523,9-HETE,[M-H]1-,257.228,meanlog,5.9349471654
MS:1002523,9-HETE,[M-H]1-,257.228,sdlog,0.0233570008
MS:1002523,9-HETE,[M-H]1-,257.228,scale,0.0479519665
MS:1002523,9-HETE,[M-H]1-,257.228,shift,346.5809941577
MS:1002523,9-HETE,[M-H]1-,301.217,model,dlnormPar
MS:1002523,9-HETE,[M-H]1-,301.217,meanlog,6.0724181811
MS:1002523,9-HETE,[M-H]1-,301.217,sdlog,0.0202214668
MS:1002523,9-HETE,[M-H]1-,301.217,scale,0.0315251661
MS:1002523,9-HETE,[M-H]1-,301.217,shift,406.4264621946
MS:1002523,9-HETE,[M-H]1-,59.013,model,dlnormPar
MS:1002523,9-HETE,[M-H]1-,59.013,meanlog,4.3084967738
MS:1002523,9-HETE,[M-H]1-,59.013,sdlog,0.3884338785
MS:1002523,9-HETE,[M-H]1-,59.013,scale,0.4004314078
MS:1002523,9-HETE,[M-H]1-,59.013,shift,-2.5513513479
MS:1002523,9-HETE,[M-H]1-,69.034,model,dlnormPar
MS:1002523,9-HETE,[M-H]1-,69.034,meanlog,4.2430118806
MS:1002523,9-HETE,[M-H]1-,69.034,sdlog,0.4156966619
MS:1002523,9-HETE,[M-H]1-,69.034,scale,0.551240606
MS:1002523,9-HETE,[M-H]1-,69.034,shift,3.7920254155
MS:1002523,9-HETE,[M-H]1-,precursor,model,dlnormPar
MS:1002523,9-HETE,[M-H]1-,precursor,meanlog,4.8060352748
MS:1002523,9-HETE,[M-H]1-,precursor,sdlog,0.0690180056
MS:1002523,9-HETE,[M-H]1-,precursor,scale,1.3562931447
MS:1002523,9-HETE,[M-H]1-,precursor,shift,108.97757057
MS:1002523,9-HODE,[M-H]1-,123.118,model,dlnormPar
MS:1002523,9-HODE,[M-H]1-,123.118,meanlog,3.9870225922
MS:1002523,9-HODE,[M-H]1-,123.118,sdlog,0.1767761559
MS:1002523,9-HODE,[M-H]1-,123.118,scale,0.0019986367
MS:1002523,9-HODE,[M-H]1-,123.118,shift,21.9257508869
MS:1002523,9-HODE,[M-H]1-,171.103,model,dlnormPar
MS:1002523,9-HODE,[M-H]1-,171.103,meanlog,5.777518685
MS:1002523,9-HODE,[M-H]1-,171.103,sdlog,1.0627907517
MS:1002523,9-HODE,[M-H]1-,171.103,scale,2.5528421302
MS:1002523,9-HODE,[M-H]1-,171.103,shift,-7.0216823991
MS:1002523,9-HODE,[M-H]1-,233.227,model,dlnormPar
MS:1002523,9-HODE,[M-H]1-,233.227,meanlog,4.6647587431
MS:1002523,9-HODE,[M-H]1-,233.227,sdlog,0.1000917808
MS:1002523,9-HODE,[M-H]1-,233.227,scale,0.004410003
MS:1002523,9-HODE,[M-H]1-,233.227,shift,63.4777414987
MS:1002523,9-HODE,[M-H]1-,277.217,model,dlnormPar
MS:1002523,9-HODE,[M-H]1-,277.217,meanlog,5.1335069812
MS:1002523,9-HODE,[M-H]1-,277.217,sdlog,0.0777630435
MS:1002523,9-HODE,[M-H]1-,277.217,scale,0.3747949545
MS:1002523,9-HODE,[M-H]1-,277.217,shift,129.9665245181
MS:1002523,9-HODE,[M-H]1-,59.013,model,dlnormPar
MS:1002523,9-HODE,[M-H]1-,59.013,meanlog,5.3851101651
MS:1002523,9-HODE,[M-H]1-,59.013,sdlog,0.803776528
MS:1002523,9-HODE,[M-H]1-,59.013,scale,0.234032612
MS:1002523,9-HODE,[M-H]1-,59.013,shift,-18.7439875158
MS:1002523,9-HODE,[M-H]1-,precursor,model,dlnormPar
MS:1002523,9-HODE,[M-H]1-,precursor,meanlog,3.7379667706
MS:1002523,9-HODE,[M-H]1-,precursor,sdlog,0.2649887256
MS:1002523,9-HODE,[M-H]1-,precursor,scale,1.8357690999
MS:1002523,9-HODE,[M-H]1-,precursor,shift,25.6835092555
MS:1002523,9-HOTrE,[M-H]1-,121.102,model,dlnormPar
MS:1002523,9-HOTrE,[M-H]1-,121.102,meanlog,5.4170142157
MS:1002523,9-HOTrE,[M-H]1-,121.102,sdlog,0.0982528272
MS:1002523,9-HOTrE,[M-H]1-,121.102,scale,0.2764695769
MS:1002523,9-HOTrE,[M-H]1-,121.102,shift,176.2172456156
MS:1002523,9-HOTrE,[M-H]1-,171.103,model,dlnormPar
MS:1002523,9-HOTrE,[M-H]1-,171.103,meanlog,6.9694360297
MS:1002523,9-HOTrE,[M-H]1-,171.103,sdlog,0.0347030417
MS:1002523,9-HOTrE,[M-H]1-,171.103,scale,0.6089972789
MS:1002523,9-HOTrE,[M-H]1-,171.103,shift,1000
MS:1002523,9-HOTrE,[M-H]1-,185.118,model,dlnormPar
MS:1002523,9-HOTrE,[M-H]1-,185.118,meanlog,4.547857961
MS:1002523,9-HOTrE,[M-H]1-,185.118,sdlog,0.1174125009
MS:1002523,9-HOTrE,[M-H]1-,185.118,scale,0.0241121131
MS:1002523,9-HOTrE,[M-H]1-,185.118,shift,52.0916727016
MS:1002523,9-HOTrE,[M-H]1-,231.212,model,dlnormPar
MS:1002523,9-HOTrE,[M-H]1-,231.212,meanlog,6.4210847546
MS:1002523,9-HOTrE,[M-H]1-,231.212,sdlog,0.0186722296
MS:1002523,9-HOTrE,[M-H]1-,231.212,scale,0.032068079
MS:1002523,9-HOTrE,[M-H]1-,231.212,shift,582.319928562
MS:1002523,9-HOTrE,[M-H]1-,275.202,model,dlnormPar
MS:1002523,9-HOTrE,[M-H]1-,275.202,meanlog,6.1062128862
MS:1002523,9-HOTrE,[M-H]1-,275.202,sdlog,0.0342399674
MS:1002523,9-HOTrE,[M-H]1-,275.202,scale,0.8567282624
MS:1002523,9-HOTrE,[M-H]1-,275.202,shift,429.0349516352
MS:1002523,9-HOTrE,[M-H]1-,59.014,model,dlnormPar
MS:1002523,9-HOTrE,[M-H]1-,59.014,meanlog,5.1365495718
MS:1002523,9-HOTrE,[M-H]1-,59.014,sdlog,0.7528030672
MS:1002523,9-HOTrE,[M-H]1-,59.014,scale,0.2639981134
MS:1002523,9-HOTrE,[M-H]1-,59.014,shift,-12.3710519329
MS:1002523,9-HOTrE,[M-H]1-,71.014,model,dlnormPar
MS:1002523,9-HOTrE,[M-H]1-,71.014,meanlog,6.1557214004
MS:1002523,9-HOTrE,[M-H]1-,71.014,sdlog,0.0953824857
MS:1002523,9-HOTrE,[M-H]1-,71.014,scale,5
MS:1002523,9-HOTrE,[M-H]1-,71.014,shift,279.7848033997
MS:1002523,9-HOTrE,[M-H]1-,precursor,model,dlnormPar
MS:1002523,9-HOTrE,[M-H]1-,precursor,meanlog,2.8011333084
MS:1002523,9-HOTrE,[M-H]1-,precursor,sdlog,0.530184493
MS:1002523,9-HOTrE,[M-H]1-,precursor,scale,0.5547764037
MS:1002523,9-HOTrE,[M-H]1-,precursor,shift,-0.2279740509
MS:1002523,Maresin 1,[M-H]1-,113.061,model,dlnormPar
MS:1002523,Maresin 1,[M-H]1-,113.061,meanlog,4.3311944371
MS:1002523,Maresin 1,[M-H]1-,113.061,sdlog,0.2163063676
MS:1002523,Maresin 1,[M-H]1-,113.061,scale,0.1102121452
MS:1002523,Maresin 1,[M-H]1-,113.061,shift,36.9278863863
MS:1002523,Maresin 1,[M-H]1-,123.082,model,dlnormPar
MS:1002523,Maresin 1,[M-H]1-,123.082,meanlog,3.674248616
MS:1002523,Maresin 1,[M-H]1-,123.082,sdlog,0.3378131111
MS:1002523,Maresin 1,[M-H]1-,123.082,scale,0.070616867
MS:1002523,Maresin 1,[M-H]1-,123.082,shift,3.7341956814
MS:1002523,Maresin 1,[M-H]1-,177.128,model,dlnormPar
MS:1002523,Maresin 1,[M-H]1-,177.128,meanlog,20
MS:1002523,Maresin 1,[M-H]1-,177.128,sdlog,20
MS:1002523,Maresin 1,[M-H]1-,177.128,scale,0.1835157648
MS:1002523,Maresin 1,[M-H]1-,177.128,shift,-31.0000003858
MS:1002523,Maresin 1,[M-H]1-,228.152,model,dlnormPar
MS:1002523,Maresin 1,[M-H]1-,228.152,meanlog,4.1655275886
MS:1002523,Maresin 1,[M-H]1-,228.152,sdlog,0.11959566
MS:1002523,Maresin 1,[M-H]1-,228.152,scale,0.029180605
MS:1002523,Maresin 1,[M-H]1-,228.152,shift,31.5158259265
MS:1002523,Maresin 1,[M-H]1-,250.121,model,dlnormPar
MS:1002523,Maresin 1,[M-H]1-,250.121,meanlog,6.0007341919
MS:1002523,Maresin 1,[M-H]1-,250.121,sdlog,0.0214617271
MS:1002523,Maresin 1,[M-H]1-,250.121,scale,0.0432804523
MS:1002523,Maresin 1,[M-H]1-,250.121,shift,379.9688915974
MS:1002523,Maresin 1,[M-H]1-,297.222,model,dlnormPar
MS:1002523,Maresin 1,[M-H]1-,297.222,meanlog,5.9065500708
MS:1002523,Maresin 1,[M-H]1-,297.222,sdlog,0.0205716768
MS:1002523,Maresin 1,[M-H]1-,297.222,scale,0.0340970427
MS:1002523,Maresin 1,[M-H]1-,297.222,shift,347.4413824658
MS:1002523,Maresin 1,[M-H]1-,341.212,model,dlnormPar
MS:1002523,Maresin 1,[M-H]1-,341.212,meanlog,5.6192477427
MS:1002523,Maresin 1,[M-H]1-,341.212,sdlog,0.0252741062
MS:1002523,Maresin 1,[M-H]1-,341.212,scale,0.0497997092
MS:1002523,Maresin 1,[M-H]1-,341.212,shift,259.949237998
MS:1002523,Maresin 1,[M-H]1-,59.013,model,dlnormPar
MS:1002523,Maresin 1,[M-H]1-,59.013,meanlog,4.520585526
MS:1002523,Maresin 1,[M-H]1-,59.013,sdlog,0.456891184
MS:1002523,Maresin 1,[M-H]1-,59.013,scale,0.2243082708
MS:1002523,Maresin 1,[M-H]1-,59.013,shift,9.0760975633
MS:1002523,Maresin 1,[M-H]1-,93.035,model,dlnormPar
MS:1002523,Maresin 1,[M-H]1-,93.035,meanlog,4.8474679542
MS:1002523,Maresin 1,[M-H]1-,93.035,sdlog,0.6102915119
MS:1002523,Maresin 1,[M-H]1-,93.035,scale,0.9087830294
MS:1002523,Maresin 1,[M-H]1-,93.035,shift,-2.8981814023
MS:1002523,Maresin 1,[M-H]1-,precursor,model,dlnormPar
MS:1002523,Maresin 1,[M-H]1-,precursor,meanlog,3.9172991761
MS:1002523,Maresin 1,[M-H]1-,precursor,sdlog,0.1066712134
MS:1002523,Maresin 1,[M-H]1-,precursor,scale,0.8108721438
MS:1002523,Maresin 1,[M-H]1-,precursor,shift,37.8956877638
MS:1002523,PGI2,[M-H]1-,105.071,model,dlnormPar
MS:1002523,PGI2,[M-H]1-,105.071,meanlog,4.5013903751
MS:1002523,PGI2,[M-H]1-,105.071,sdlog,0.4802110391
MS:1002523,PGI2,[M-H]1-,105.071,scale,0.1826398389
MS:1002523,PGI2,[M-H]1-,105.071,shift,1.7067195878
MS:1002523,PGI2,[M-H]1-,187.149,model,dlnormPar
MS:1002523,PGI2,[M-H]1-,187.149,meanlog,4.2286404595
MS:1002523,PGI2,[M-H]1-,187.149,sdlog,0.270884787
MS:1002523,PGI2,[M-H]1-,187.149,scale,0.1003574329
MS:1002523,PGI2,[M-H]1-,187.149,shift,14.8164758885
MS:1002523,PGI2,[M-H]1-,189.129,model,dlnormPar
MS:1002523,PGI2,[M-H]1-,189.129,meanlog,3.8373914288
MS:1002523,PGI2,[M-H]1-,189.129,sdlog,0.2444535969
MS:1002523,PGI2,[M-H]1-,189.129,scale,0.0435046531
MS:1002523,PGI2,[M-H]1-,189.129,shift,9.9893653879
MS:1002523,PGI2,[M-H]1-,205.16,model,dlnormPar
MS:1002523,PGI2,[M-H]1-,205.16,meanlog,3.8560414333
MS:1002523,PGI2,[M-H]1-,205.16,sdlog,0.3097805878
MS:1002523,PGI2,[M-H]1-,205.16,scale,0.0603414564
MS:1002523,PGI2,[M-H]1-,205.16,shift,6.9132489545
MS:1002523,PGI2,[M-H]1-,215.108,model,dlnormPar
MS:1002523,PGI2,[M-H]1-,215.108,meanlog,4.2026115432
MS:1002523,PGI2,[M-H]1-,215.108,sdlog,0.1348756317
MS:1002523,PGI2,[M-H]1-,215.108,scale,0.042046555
MS:1002523,PGI2,[M-H]1-,215.108,shift,37.3232114351
MS:1002523,PGI2,[M-H]1-,271.207,model,dlnormPar
MS:1002523,PGI2,[M-H]1-,271.207,meanlog,3.9105403403
MS:1002523,PGI2,[M-H]1-,271.207,sdlog,0.1897846797
MS:1002523,PGI2,[M-H]1-,271.207,scale,0.0284359726
MS:1002523,PGI2,[M-H]1-,271.207,shift,17.1562194546
MS:1002523,PGI2,[M-H]1-,315.197,model,dlnormPar
MS:1002523,PGI2,[M-H]1-,315.197,meanlog,5.8556955686
MS:1002523,PGI2,[M-H]1-,315.197,sdlog,0.0244163341
MS:1002523,PGI2,[M-H]1-,315.197,scale,0.0652926634
MS:1002523,PGI2,[M-H]1-,315.197,shift,324.84076508
MS:1002523,PGI2,[M-H]1-,323.223,model,dlnormPar
MS:1002523,PGI2,[M-H]1-,323.223,meanlog,5.66574809
MS:1002523,PGI2,[M-H]1-,323.223,sdlog,0.029210018
MS:1002523,PGI2,[M-H]1-,323.223,scale,0.0364301813
MS:1002523,PGI2,[M-H]1-,323.223,shift,259.6363229284
MS:1002523,PGI2,[M-H]1-,83.05,model,dlnormPar
MS:1002523,PGI2,[M-H]1-,83.05,meanlog,4.8773248419
MS:1002523,PGI2,[M-H]1-,83.05,sdlog,0.9380569072
MS:1002523,PGI2,[M-H]1-,83.05,scale,0.5148384929
MS:1002523,PGI2,[M-H]1-,83.05,shift,-10.0155190552
MS:1002523,PGI2,[M-H]1-,precursor,model,dlnormPar
MS:1002523,PGI2,[M-H]1-,precursor,meanlog,4.9193025091
MS:1002523,PGI2,[M-H]1-,precursor,sdlog,0.0677087622
MS:1002523,PGI2,[M-H]1-,precursor,scale,1.5097369721
MS:1002523,PGI2,[M-H]1-,precursor,shift,124.0963497908
MS:1002523,Resolvin D3,[M-H]1-,115.04,model,dlnormPar
MS:1002523,Resolvin D3,[M-H]1-,115.04,meanlog,4.6240948997
MS:1002523,Resolvin D3,[M-H]1-,115.04,sdlog,0.5842923851
MS:1002523,Resolvin D3,[M-H]1-,115.04,scale,0.2126235254
MS:1002523,Resolvin D3,[M-H]1-,115.04,shift,10.1051877951
MS:1002523,Resolvin D3,[M-H]1-,137.097,model,dlnormPar
MS:1002523,Resolvin D3,[M-H]1-,137.097,meanlog,3.7424568665
MS:1002523,Resolvin D3,[M-H]1-,137.097,sdlog,0.2817257357
MS:1002523,Resolvin D3,[M-H]1-,137.097,scale,0.0558089391
MS:1002523,Resolvin D3,[M-H]1-,137.097,shift,9.7636272875
MS:1002523,Resolvin D3,[M-H]1-,147.118,model,dlnormPar
MS:1002523,Resolvin D3,[M-H]1-,147.118,meanlog,4.0899301247
MS:1002523,Resolvin D3,[M-H]1-,147.118,sdlog,0.2441644151
MS:1002523,Resolvin D3,[M-H]1-,147.118,scale,0.4469396956
MS:1002523,Resolvin D3,[M-H]1-,147.118,shift,24.5754403746
MS:1002523,Resolvin D3,[M-H]1-,199.149,model,dlnormPar
MS:1002523,Resolvin D3,[M-H]1-,199.149,meanlog,4.9616647019
MS:1002523,Resolvin D3,[M-H]1-,199.149,sdlog,0.0802579231
MS:1002523,Resolvin D3,[M-H]1-,199.149,scale,0.0099107166
MS:1002523,Resolvin D3,[M-H]1-,199.149,shift,105.9217465519
MS:1002523,Resolvin D3,[M-H]1-,357.208,model,dlnormPar
MS:1002523,Resolvin D3,[M-H]1-,357.208,meanlog,5.4440916543
MS:1002523,Resolvin D3,[M-H]1-,357.208,sdlog,0.0309960125
MS:1002523,Resolvin D3,[M-H]1-,357.208,scale,0.0167034021
MS:1002523,Resolvin D3,[M-H]1-,357.208,shift,214.6925312072
MS:1002523,Resolvin D3,[M-H]1-,69.034,model,dlnormPar
MS:1002523,Resolvin D3,[M-H]1-,69.034,meanlog,8.7087670354
MS:1002523,Resolvin D3,[M-H]1-,69.034,sdlog,1.4778579204
MS:1002523,Resolvin D3,[M-H]1-,69.034,scale,5
MS:1002523,Resolvin D3,[M-H]1-,69.034,shift,1.8828101517
MS:1002523,Resolvin D3,[M-H]1-,95.05,model,dlnormPar
MS:1002523,Resolvin D3,[M-H]1-,95.05,meanlog,9.4076106924
MS:1002523,Resolvin D3,[M-H]1-,95.05,sdlog,1.6357736572
MS:1002523,Resolvin D3,[M-H]1-,95.05,scale,5
MS:1002523,Resolvin D3,[M-H]1-,95.05,shift,-4.2554500889
MS:1002523,Resolvin D3,[M-H]1-,precursor,model,dlnormPar
MS:1002523,Resolvin D3,[M-H]1-,precursor,meanlog,3.7642236298
MS:1002523,Resolvin D3,[M-H]1-,precursor,sdlog,0.1170097812
MS:1002523,Resolvin D3,[M-H]1-,precursor,scale,0.8141662564
MS:1002523,Resolvin D3,[M-H]1-,precursor,shift,30.9862473612
MS:1002523,Resolvin D5,[M-H]1-,119.087,model,dlnormPar
MS:1002523,Resolvin D5,[M-H]1-,119.087,meanlog,6.4795721323
MS:1002523,Resolvin D5,[M-H]1-,119.087,sdlog,0.0366058785
MS:1002523,Resolvin D5,[M-H]1-,119.087,scale,0.0991369235
MS:1002523,Resolvin D5,[M-H]1-,119.087,shift,607.8197147056
MS:1002523,Resolvin D5,[M-H]1-,141.056,model,dlnormPar
MS:1002523,Resolvin D5,[M-H]1-,141.056,meanlog,4.156195261
MS:1002523,Resolvin D5,[M-H]1-,141.056,sdlog,0.2006821772
MS:1002523,Resolvin D5,[M-H]1-,141.056,scale,0.264616475
MS:1002523,Resolvin D5,[M-H]1-,141.056,shift,44.9013974143
MS:1002523,Resolvin D5,[M-H]1-,199.149,model,dlnormPar
MS:1002523,Resolvin D5,[M-H]1-,199.149,meanlog,6.5046595464
MS:1002523,Resolvin D5,[M-H]1-,199.149,sdlog,0.0243517998
MS:1002523,Resolvin D5,[M-H]1-,199.149,scale,0.3872915111
MS:1002523,Resolvin D5,[M-H]1-,199.149,shift,639.9547386822
MS:1002523,Resolvin D5,[M-H]1-,227.144,model,dlnormPar
MS:1002523,Resolvin D5,[M-H]1-,227.144,meanlog,5.8110093742
MS:1002523,Resolvin D5,[M-H]1-,227.144,sdlog,0.0329521122
MS:1002523,Resolvin D5,[M-H]1-,227.144,scale,0.0330876313
MS:1002523,Resolvin D5,[M-H]1-,227.144,shift,307.3825567676
MS:1002523,Resolvin D5,[M-H]1-,261.15,model,dlnormPar
MS:1002523,Resolvin D5,[M-H]1-,261.15,meanlog,5.2353373948
MS:1002523,Resolvin D5,[M-H]1-,261.15,sdlog,0.0433083771
MS:1002523,Resolvin D5,[M-H]1-,261.15,scale,0.0342052684
MS:1002523,Resolvin D5,[M-H]1-,261.15,shift,173.7144314653
MS:1002523,Resolvin D5,[M-H]1-,279.212,model,dlnormPar
MS:1002523,Resolvin D5,[M-H]1-,279.212,meanlog,5.7978152376
MS:1002523,Resolvin D5,[M-H]1-,279.212,sdlog,0.033502921
MS:1002523,Resolvin D5,[M-H]1-,279.212,scale,0.1355479968
MS:1002523,Resolvin D5,[M-H]1-,279.212,shift,310.8716419097
MS:1002523,Resolvin D5,[M-H]1-,297.223,model,dlnormPar
MS:1002523,Resolvin D5,[M-H]1-,297.223,meanlog,4.4495382713
MS:1002523,Resolvin D5,[M-H]1-,297.223,sdlog,0.0853733465
MS:1002523,Resolvin D5,[M-H]1-,297.223,scale,0.0857065725
MS:1002523,Resolvin D5,[M-H]1-,297.223,shift,72.2870280608
MS:1002523,Resolvin D5,[M-H]1-,341.212,model,dlnormPar
MS:1002523,Resolvin D5,[M-H]1-,341.212,meanlog,3.5433073426
MS:1002523,Resolvin D5,[M-H]1-,341.212,sdlog,0.1496989551
MS:1002523,Resolvin D5,[M-H]1-,341.212,scale,0.0776704355
MS:1002523,Resolvin D5,[M-H]1-,341.212,shift,22.0608036905
MS:1002523,Resolvin D5,[M-H]1-,59.014,model,dlnormPar
MS:1002523,Resolvin D5,[M-H]1-,59.014,meanlog,5.9937320651
MS:1002523,Resolvin D5,[M-H]1-,59.014,sdlog,0.0491407135
MS:1002523,Resolvin D5,[M-H]1-,59.014,scale,0.286519262
MS:1002523,Resolvin D5,[M-H]1-,59.014,shift,330.0366853224
MS:1002523,Resolvin D5,[M-H]1-,precursor,model,dlnormPar
MS:1002523,Resolvin D5,[M-H]1-,precursor,meanlog,3.6276188493
MS:1002523,Resolvin D5,[M-H]1-,precursor,sdlog,0.1135640078
MS:1002523,Resolvin D5,[M-H]1-,precursor,scale,0.2651297917
MS:1002523,Resolvin D5,[M-H]1-,precursor,shift,25.4595888166
MS:1002523,tetranor-12-HETE,[M-H]1-,109.066,model,dlnormPar
MS:1002523,tetranor-12-HETE,[M-H]1-,109.066,meanlog,6.338170501
MS:1002523,tetranor-12-HETE,[M-H]1-,109.066,sdlog,0.05486716
MS:1002523,tetranor-12-HETE,[M-H]1-,109.066,scale,1.678427122
MS:1002523,tetranor-12-HETE,[M-H]1-,109.066,shift,528.4143884563
MS:1002523,tetranor-12-HETE,[M-H]1-,139.113,model,dlnormPar
MS:1002523,tetranor-12-HETE,[M-H]1-,139.113,meanlog,3.6800621469
MS:1002523,tetranor-12-HETE,[M-H]1-,139.113,sdlog,1.2118919407
MS:1002523,tetranor-12-HETE,[M-H]1-,139.113,scale,0.0889148735
MS:1002523,tetranor-12-HETE,[M-H]1-,139.113,shift,-3.2732861321
MS:1002523,tetranor-12-HETE,[M-H]1-,165.128,model,dlnormPar
MS:1002523,tetranor-12-HETE,[M-H]1-,165.128,meanlog,6.463942425
MS:1002523,tetranor-12-HETE,[M-H]1-,165.128,sdlog,0.0318883532
MS:1002523,tetranor-12-HETE,[M-H]1-,165.128,scale,0.2073788795
MS:1002523,tetranor-12-HETE,[M-H]1-,165.128,shift,613.2536117855
MS:1002523,tetranor-12-HETE,[M-H]1-,203.18,model,dlnormPar
MS:1002523,tetranor-12-HETE,[M-H]1-,203.18,meanlog,6.3000747421
MS:1002523,tetranor-12-HETE,[M-H]1-,203.18,sdlog,0.0286119511
MS:1002523,tetranor-12-HETE,[M-H]1-,203.18,scale,0.0692448895
MS:1002523,tetranor-12-HETE,[M-H]1-,203.18,shift,521.9473964107
MS:1002523,tetranor-12-HETE,[M-H]1-,221.191,model,dlnormPar
MS:1002523,tetranor-12-HETE,[M-H]1-,221.191,meanlog,5.5257683581
MS:1002523,tetranor-12-HETE,[M-H]1-,221.191,sdlog,0.031335176
MS:1002523,tetranor-12-HETE,[M-H]1-,221.191,scale,0.086665855
MS:1002523,tetranor-12-HETE,[M-H]1-,221.191,shift,236.6216420878
MS:1002523,tetranor-12-HETE,[M-H]1-,91.055,model,dlnormPar
MS:1002523,tetranor-12-HETE,[M-H]1-,91.055,meanlog,5.8210644976
MS:1002523,tetranor-12-HETE,[M-H]1-,91.055,sdlog,0.0675982753
MS:1002523,tetranor-12-HETE,[M-H]1-,91.055,scale,0.1130241919
MS:1002523,tetranor-12-HETE,[M-H]1-,91.055,shift,256.3346306936
MS:1002523,tetranor-12-HETE,[M-H]1-,precursor,model,dlnormPar
MS:1002523,tetranor-12-HETE,[M-H]1-,precursor,meanlog,5.9145347483
MS:1002523,tetranor-12-HETE,[M-H]1-,precursor,sdlog,0.0167656236
MS:1002523,tetranor-12-HETE,[M-H]1-,precursor,scale,0.2071297183
MS:1002523,tetranor-12-HETE,[M-H]1-,precursor,shift,356.207317208
MS:1002523,TXB1,[M-H]1-,127.113,model,dlnormPar
MS:1002523,TXB1,[M-H]1-,127.113,meanlog,4.6768358891
MS:1002523,TXB1,[M-H]1-,127.113,sdlog,0.2336259883
MS:1002523,TXB1,[M-H]1-,127.113,scale,0.057868904
MS:1002523,TXB1,[M-H]1-,127.113,shift,20.4742799188
MS:1002523,TXB1,[M-H]1-,171.103,model,dlnormPar
MS:1002523,TXB1,[M-H]1-,171.103,meanlog,5.5833692241
MS:1002523,TXB1,[M-H]1-,171.103,sdlog,1.3332193001
MS:1002523,TXB1,[M-H]1-,171.103,scale,5
MS:1002523,TXB1,[M-H]1-,171.103,shift,-2.3084870731
MS:1002523,TXB1,[M-H]1-,193.123,model,dlnormPar
MS:1002523,TXB1,[M-H]1-,193.123,meanlog,3.9201808548
MS:1002523,TXB1,[M-H]1-,193.123,sdlog,0.3701183604
MS:1002523,TXB1,[M-H]1-,193.123,scale,0.0506885014
MS:1002523,TXB1,[M-H]1-,193.123,shift,-5.1727330347
MS:1002523,TXB1,[M-H]1-,197.118,model,dlnormPar
MS:1002523,TXB1,[M-H]1-,197.118,meanlog,4.5470995497
MS:1002523,TXB1,[M-H]1-,197.118,sdlog,0.2310535563
MS:1002523,TXB1,[M-H]1-,197.118,scale,0.7111866431
MS:1002523,TXB1,[M-H]1-,197.118,shift,66.1730223452
MS:1002523,TXB1,[M-H]1-,291.197,model,dlnormPar
MS:1002523,TXB1,[M-H]1-,291.197,meanlog,4.4231929041
MS:1002523,TXB1,[M-H]1-,291.197,sdlog,0.1044149631
MS:1002523,TXB1,[M-H]1-,291.197,scale,0.0419358056
MS:1002523,TXB1,[M-H]1-,291.197,shift,55.7015314421
MS:1002523,TXB1,[M-H]1-,309.207,model,dlnormPar
MS:1002523,TXB1,[M-H]1-,309.207,meanlog,5.6474229386
MS:1002523,TXB1,[M-H]1-,309.207,sdlog,0.0248645444
MS:1002523,TXB1,[M-H]1-,309.207,scale,0.0278338535
MS:1002523,TXB1,[M-H]1-,309.207,shift,267.4601097341
MS:1002523,TXB1,[M-H]1-,327.218,model,dlnormPar
MS:1002523,TXB1,[M-H]1-,327.218,meanlog,4.6471271052
MS:1002523,TXB1,[M-H]1-,327.218,sdlog,0.0470216319
MS:1002523,TXB1,[M-H]1-,327.218,scale,0.138893579
MS:1002523,TXB1,[M-H]1-,327.218,shift,92.4162682264
MS:1002523,TXB1,[M-H]1-,59.013,model,dlnormPar
MS:1002523,TXB1,[M-H]1-,59.013,meanlog,9.894212037
MS:1002523,TXB1,[M-H]1-,59.013,sdlog,1.3711481945
MS:1002523,TXB1,[M-H]1-,59.013,scale,5
MS:1002523,TXB1,[M-H]1-,59.013,shift,-24.1385526104
MS:1002523,TXB1,[M-H]1-,precursor,model,dlnormPar
MS:1002523,TXB1,[M-H]1-,precursor,meanlog,4.0544526829
MS:1002523,TXB1,[M-H]1-,precursor,sdlog,0.0634738
MS:1002523,TXB1,[M-H]1-,precursor,scale,0.1955244923
MS:1002523,TXB1,[M-H]1-,precursor,shift,46.0065457139
MS:1002523,TXB3,[M-H]1-,125.097,model,dlnormPar
MS:1002523,TXB3,[M-H]1-,125.097,meanlog,4.800368143
MS:1002523,TXB3,[M-H]1-,125.097,sdlog,0.1136233504
MS:1002523,TXB3,[M-H]1-,125.097,scale,0.0947952285
MS:1002523,TXB3,[M-H]1-,125.097,shift,66.4695165883
MS:1002523,TXB3,[M-H]1-,151.113,model,dlnormPar
MS:1002523,TXB3,[M-H]1-,151.113,meanlog,4.1840792663
MS:1002523,TXB3,[M-H]1-,151.113,sdlog,0.203743812
MS:1002523,TXB3,[M-H]1-,151.113,scale,0.031220606
MS:1002523,TXB3,[M-H]1-,151.113,shift,19.2427447487
MS:1002523,TXB3,[M-H]1-,169.087,model,dlnormPar
MS:1002523,TXB3,[M-H]1-,169.087,meanlog,5.5280342807
MS:1002523,TXB3,[M-H]1-,169.087,sdlog,0.0769682364
MS:1002523,TXB3,[M-H]1-,169.087,scale,0.9074670793
MS:1002523,TXB3,[M-H]1-,169.087,shift,220.2690718489
MS:1002523,TXB3,[M-H]1-,177.092,model,dlnormPar
MS:1002523,TXB3,[M-H]1-,177.092,meanlog,4.3773984716
MS:1002523,TXB3,[M-H]1-,177.092,sdlog,0.1689598664
MS:1002523,TXB3,[M-H]1-,177.092,scale,0.0351833716
MS:1002523,TXB3,[M-H]1-,177.092,shift,41.5342011176
MS:1002523,TXB3,[M-H]1-,195.102,model,dlnormPar
MS:1002523,TXB3,[M-H]1-,195.102,meanlog,5.4082088551
MS:1002523,TXB3,[M-H]1-,195.102,sdlog,0.0619685686
MS:1002523,TXB3,[M-H]1-,195.102,scale,0.6497815236
MS:1002523,TXB3,[M-H]1-,195.102,shift,204.4199109037
MS:1002523,TXB3,[M-H]1-,287.165,model,dlnormPar
MS:1002523,TXB3,[M-H]1-,287.165,meanlog,5.7256732859
MS:1002523,TXB3,[M-H]1-,287.165,sdlog,0.0265576445
MS:1002523,TXB3,[M-H]1-,287.165,scale,0.0136646971
MS:1002523,TXB3,[M-H]1-,287.165,shift,284.4105336193
MS:1002523,TXB3,[M-H]1-,323.186,model,dlnormPar
MS:1002523,TXB3,[M-H]1-,323.186,meanlog,4.5159131327
MS:1002523,TXB3,[M-H]1-,323.186,sdlog,0.0486348084
MS:1002523,TXB3,[M-H]1-,323.186,scale,0.0870006013
MS:1002523,TXB3,[M-H]1-,323.186,shift,79.660817183
MS:1002523,TXB3,[M-H]1-,349.202,model,dlnormPar
MS:1002523,TXB3,[M-H]1-,349.202,meanlog,5.6072960978
MS:1002523,TXB3,[M-H]1-,349.202,sdlog,0.0147167868
MS:1002523,TXB3,[M-H]1-,349.202,scale,0.0093349754
MS:1002523,TXB3,[M-H]1-,349.202,shift,260.7361018621
MS:1002523,TXB3,[M-H]1-,69.034,model,dlnormPar
MS:1002523,TXB3,[M-H]1-,69.034,meanlog,5.9066681027
MS:1002523,TXB3,[M-H]1-,69.034,sdlog,0.5761270975
MS:1002523,TXB3,[M-H]1-,69.034,scale,5
MS:1002523,TXB3,[M-H]1-,69.034,shift,4.4565430751
MS:1002523,TXB3,[M-H]1-,precursor,model,dlnormPar
MS:1002523,TXB3,[M-H]1-,precursor,meanlog,4.5548098485
MS:1002523,TXB3,[M-H]1-,precursor,sdlog,0.0377779905
MS:1002523,TXB3,[M-H]1-,precursor,scale,0.1496246195
MS:1002523,TXB3,[M-H]1-,precursor,shift,83.4602648443
MS:1002523,12-HETE/d8,[M8H2-H]1-,140.1493,rank,1
MS:1002523,12-HETE/d8,[M8H2-H]1-,140.1493,model,dlnormPar
MS:1002523,12-HETE/d8,[M8H2-H]1-,140.1493,meanlog,5.3476775858
MS:1002523,12-HETE/d8,[M8H2-H]1-,140.1493,sdlog,0.0481314192
MS:1002523,12-HETE/d8,[M8H2-H]1-,140.1493,scale,0.0353670015
MS:1002523,12-HETE/d8,[M8H2-H]1-,140.1493,shift,175.0077478574
MS:1002523,12-HETE/d8,[M8H2-H]1-,169.1504,rank,2
MS:1002523,12-HETE/d8,[M8H2-H]1-,169.1504,model,dlnormPar
MS:1002523,12-HETE/d8,[M8H2-H]1-,169.1504,meanlog,6.6961613464
MS:1002523,12-HETE/d8,[M8H2-H]1-,169.1504,sdlog,0.0181492991
MS:1002523,12-HETE/d8,[M8H2-H]1-,169.1504,scale,0.021337577
MS:1002523,12-HETE/d8,[M8H2-H]1-,169.1504,shift,769.8266982571
MS:1002523,12-HETE/d8,[M8H2-H]1-,184.139,rank,3
MS:1002523,12-HETE/d8,[M8H2-H]1-,184.139,model,dlnormPar
MS:1002523,12-HETE/d8,[M8H2-H]1-,184.139,meanlog,5.5386170424
MS:1002523,12-HETE/d8,[M8H2-H]1-,184.139,sdlog,0.0419518044
MS:1002523,12-HETE/d8,[M8H2-H]1-,184.139,scale,0.2276497421
MS:1002523,12-HETE/d8,[M8H2-H]1-,184.139,shift,226.1276373268
MS:1002523,12-HETE/d8,[M8H2-H]1-,214.1481,rank,4
MS:1002523,12-HETE/d8,[M8H2-H]1-,214.1481,model,dlnormPar
MS:1002523,12-HETE/d8,[M8H2-H]1-,214.1481,meanlog,6.2396386082
MS:1002523,12-HETE/d8,[M8H2-H]1-,214.1481,sdlog,0.0165815129
MS:1002523,12-HETE/d8,[M8H2-H]1-,214.1481,scale,0.0233180486
MS:1002523,12-HETE/d8,[M8H2-H]1-,214.1481,shift,487.5550295689
MS:1002523,12-HETE/d8,[M8H2-H]1-,237.2462,rank,5
MS:1002523,12-HETE/d8,[M8H2-H]1-,237.2462,model,dlnormPar
MS:1002523,12-HETE/d8,[M8H2-H]1-,237.2462,meanlog,6.1275007187
MS:1002523,12-HETE/d8,[M8H2-H]1-,237.2462,sdlog,0.0196539853
MS:1002523,12-HETE/d8,[M8H2-H]1-,237.2462,scale,0.0109234753
MS:1002523,12-HETE/d8,[M8H2-H]1-,237.2462,shift,413.2538730043
MS:1002523,12-HETE/d8,[M8H2-H]1-,265.2774,rank,6
MS:1002523,12-HETE/d8,[M8H2-H]1-,265.2774,model,dlnormPar
MS:1002523,12-HETE/d8,[M8H2-H]1-,265.2774,meanlog,6.4278329003
MS:1002523,12-HETE/d8,[M8H2-H]1-,265.2774,sdlog,0.0166980594
MS:1002523,12-HETE/d8,[M8H2-H]1-,265.2774,scale,0.0672326427
MS:1002523,12-HETE/d8,[M8H2-H]1-,265.2774,shift,584.5532632422
MS:1002523,12-HETE/d8,[M8H2-H]1-,283.2879,rank,7
MS:1002523,12-HETE/d8,[M8H2-H]1-,283.2879,model,dlnormPar
MS:1002523,12-HETE/d8,[M8H2-H]1-,283.2879,meanlog,6.2891647578
MS:1002523,12-HETE/d8,[M8H2-H]1-,283.2879,sdlog,0.0148984793
MS:1002523,12-HETE/d8,[M8H2-H]1-,283.2879,scale,0.0086876333
MS:1002523,12-HETE/d8,[M8H2-H]1-,283.2879,shift,507.1833818507
MS:1002523,12-HETE/d8,[M8H2-H]1-,309.2674,rank,8
MS:1002523,12-HETE/d8,[M8H2-H]1-,309.2674,model,dlnormPar
MS:1002523,12-HETE/d8,[M8H2-H]1-,309.2674,meanlog,6.765104475
MS:1002523,12-HETE/d8,[M8H2-H]1-,309.2674,sdlog,0.0131856717
MS:1002523,12-HETE/d8,[M8H2-H]1-,309.2674,scale,0.0974826185
MS:1002523,12-HETE/d8,[M8H2-H]1-,309.2674,shift,840.0184553108
MS:1002523,12-HETE/d8,[M8H2-H]1-,59.0135,rank,9
MS:1002523,12-HETE/d8,[M8H2-H]1-,59.0135,model,dlnormPar
MS:1002523,12-HETE/d8,[M8H2-H]1-,59.0135,meanlog,4.348642535
MS:1002523,12-HETE/d8,[M8H2-H]1-,59.0135,sdlog,0.2841968586
MS:1002523,12-HETE/d8,[M8H2-H]1-,59.0135,scale,0.4964126826
MS:1002523,12-HETE/d8,[M8H2-H]1-,59.0135,shift,6.7875842413
MS:1002523,12-HETE/d8,[M8H2-H]1-,precursor,rank,10
MS:1002523,12-HETE/d8,[M8H2-H]1-,precursor,model,dlnormPar
MS:1002523,12-HETE/d8,[M8H2-H]1-,precursor,meanlog,3.4234721465
MS:1002523,12-HETE/d8,[M8H2-H]1-,precursor,sdlog,0.2490286596
MS:1002523,12-HETE/d8,[M8H2-H]1-,precursor,scale,1.147302438
MS:1002523,12-HETE/d8,[M8H2-H]1-,precursor,shift,16.4391388132
MS:1002523,TXB2/d4,[M4H2-H]1-,129.1223,rank,5
MS:1002523,TXB2/d4,[M4H2-H]1-,129.1223,model,dlnormPar
MS:1002523,TXB2/d4,[M4H2-H]1-,129.1223,meanlog,4.6949323579
MS:1002523,TXB2/d4,[M4H2-H]1-,129.1223,sdlog,0.1304487803
MS:1002523,TXB2/d4,[M4H2-H]1-,129.1223,scale,0.0953356504
MS:1002523,TXB2/d4,[M4H2-H]1-,129.1223,shift,52.3369441077
MS:1002523,TXB2/d4,[M4H2-H]1-,155.1379,rank,2
MS:1002523,TXB2/d4,[M4H2-H]1-,155.1379,model,dlnormPar
MS:1002523,TXB2/d4,[M4H2-H]1-,155.1379,meanlog,4.211669412
MS:1002523,TXB2/d4,[M4H2-H]1-,155.1379,sdlog,0.2033423414
MS:1002523,TXB2/d4,[M4H2-H]1-,155.1379,scale,0.0309144374
MS:1002523,TXB2/d4,[M4H2-H]1-,155.1379,shift,19.7726621579
MS:1002523,TXB2/d4,[M4H2-H]1-,173.1119,rank,3
MS:1002523,TXB2/d4,[M4H2-H]1-,173.1119,model,dlnormPar
MS:1002523,TXB2/d4,[M4H2-H]1-,173.1119,meanlog,5.0368750426
MS:1002523,TXB2/d4,[M4H2-H]1-,173.1119,sdlog,0.1288414801
MS:1002523,TXB2/d4,[M4H2-H]1-,173.1119,scale,0.8868747599
MS:1002523,TXB2/d4,[M4H2-H]1-,173.1119,shift,120.5968483691
MS:1002523,TXB2/d4,[M4H2-H]1-,181.1172,rank,4
MS:1002523,TXB2/d4,[M4H2-H]1-,181.1172,model,dlnormPar
MS:1002523,TXB2/d4,[M4H2-H]1-,181.1172,meanlog,4.0584500263
MS:1002523,TXB2/d4,[M4H2-H]1-,181.1172,sdlog,0.2322628891
MS:1002523,TXB2/d4,[M4H2-H]1-,181.1172,scale,0.0347494361
MS:1002523,TXB2/d4,[M4H2-H]1-,181.1172,shift,18.7019551236
MS:1002523,TXB2/d4,[M4H2-H]1-,199.1277,rank,1
MS:1002523,TXB2/d4,[M4H2-H]1-,199.1277,model,dlnormPar
MS:1002523,TXB2/d4,[M4H2-H]1-,199.1277,meanlog,5.0120985627
MS:1002523,TXB2/d4,[M4H2-H]1-,199.1277,sdlog,0.0902057365
MS:1002523,TXB2/d4,[M4H2-H]1-,199.1277,scale,0.6274359519
MS:1002523,TXB2/d4,[M4H2-H]1-,199.1277,shift,130.2017769404
MS:1002523,TXB2/d4,[M4H2-H]1-,293.2059,rank,6
MS:1002523,TXB2/d4,[M4H2-H]1-,293.2059,model,dlnormPar
MS:1002523,TXB2/d4,[M4H2-H]1-,293.2059,meanlog,4.5522884518
MS:1002523,TXB2/d4,[M4H2-H]1-,293.2059,sdlog,0.0974454638
MS:1002523,TXB2/d4,[M4H2-H]1-,293.2059,scale,0.0363586528
MS:1002523,TXB2/d4,[M4H2-H]1-,293.2059,shift,68.3931635719
MS:1002523,TXB2/d4,[M4H2-H]1-,311.2166,rank,7
MS:1002523,TXB2/d4,[M4H2-H]1-,311.2166,model,dlnormPar
MS:1002523,TXB2/d4,[M4H2-H]1-,311.2166,meanlog,5.5487849899
MS:1002523,TXB2/d4,[M4H2-H]1-,311.2166,sdlog,0.0309243836
MS:1002523,TXB2/d4,[M4H2-H]1-,311.2166,scale,0.0248216723
MS:1002523,TXB2/d4,[M4H2-H]1-,311.2166,shift,240.5992949
MS:1002523,TXB2/d4,[M4H2-H]1-,329.2271,rank,8
MS:1002523,TXB2/d4,[M4H2-H]1-,329.2271,model,dlnormPar
MS:1002523,TXB2/d4,[M4H2-H]1-,329.2271,meanlog,4.700469437
MS:1002523,TXB2/d4,[M4H2-H]1-,329.2271,sdlog,0.0420984178
MS:1002523,TXB2/d4,[M4H2-H]1-,329.2271,scale,0.0997204345
MS:1002523,TXB2/d4,[M4H2-H]1-,329.2271,shift,98.3086501769
MS:1002523,TXB2/d4,[M4H2-H]1-,355.2427,rank,9
MS:1002523,TXB2/d4,[M4H2-H]1-,355.2427,model,dlnormPar
MS:1002523,TXB2/d4,[M4H2-H]1-,355.2427,meanlog,5.4497925111
MS:1002523,TXB2/d4,[M4H2-H]1-,355.2427,sdlog,0.0172157857
MS:1002523,TXB2/d4,[M4H2-H]1-,355.2427,scale,0.0104212085
MS:1002523,TXB2/d4,[M4H2-H]1-,355.2427,shift,221.1712813404
MS:1002523,TXB2/d4,[M4H2-H]1-,precursor,rank,10
MS:1002523,TXB2/d4,[M4H2-H]1-,precursor,model,dlnormPar
MS:1002523,TXB2/d4,[M4H2-H]1-,precursor,meanlog,4.16205246
MS:1002523,TXB2/d4,[M4H2-H]1-,precursor,sdlog,0.0552365226
MS:1002523,TXB2/d4,[M4H2-H]1-,precursor,scale,0.1784747703
MS:1002523,TXB2/d4,[M4H2-H]1-,precursor,shift,52.6071744776
MS:1002523,PC,[M-H]1-,-(CH3+CH3COO),meanlog,4.2562862303
MS:1002523,PC,[M-H]1-,-(CH3+CH3COO),model,dlnormPar
MS:1002523,PC,[M-H]1-,-(CH3+CH3COO),scale,0.5871062436
MS:1002523,PC,[M-H]1-,-(CH3+CH3COO),sdlog,0.0641284569
MS:1002523,PC,[M-H]1-,-(CH3+CH3COO),shift,55.1667107686
MS:1002523,PC,[M-H]1-,-(CH3+HCOO),meanlog,4.236030338
MS:1002523,PC,[M-H]1-,-(CH3+HCOO),model,dlnormPar
MS:1002523,PC,[M-H]1-,-(CH3+HCOO),scale,0.5203683329
MS:1002523,PC,[M-H]1-,-(CH3+HCOO),sdlog,0.0628844616
MS:1002523,PC,[M-H]1-,-(CH3+HCOO),shift,52.9675418501
MS:1002523,PC,[M-H]1-,-FA 14:1(-H)-(CH3+CH3COO),meanlog,4.156748359
MS:1002523,PC,[M-H]1-,-FA 14:1(-H)-(CH3+CH3COO),model,dlnormPar
MS:1002523,PC,[M-H]1-,-FA 14:1(-H)-(CH3+CH3COO),scale,0.017586106
MS:1002523,PC,[M-H]1-,-FA 14:1(-H)-(CH3+CH3COO),sdlog,0.0774643517
MS:1002523,PC,[M-H]1-,-FA 14:1(-H)-(CH3+CH3COO),shift,39.4695635461
MS:1002523,PC,[M-H]1-,-FA 14:1(-H)-(CH3+HCOO),meanlog,4.0125013414
MS:1002523,PC,[M-H]1-,-FA 14:1(-H)-(CH3+HCOO),model,dlnormPar
MS:1002523,PC,[M-H]1-,-FA 14:1(-H)-(CH3+HCOO),scale,0.0179220183
MS:1002523,PC,[M-H]1-,-FA 14:1(-H)-(CH3+HCOO),sdlog,0.0881613051
MS:1002523,PC,[M-H]1-,-FA 14:1(-H)-(CH3+HCOO),shift,30.5447829387
MS:1002523,PC,[M-H]1-,-FA 14:1(+HO)-(CH3+CH3COO),meanlog,4.0787762352
MS:1002523,PC,[M-H]1-,-FA 14:1(+HO)-(CH3+CH3COO),model,dlnormPar
MS:1002523,PC,[M-H]1-,-FA 14:1(+HO)-(CH3+CH3COO),scale,0.0035973839
MS:1002523,PC,[M-H]1-,-FA 14:1(+HO)-(CH3+CH3COO),sdlog,0.0828267458
MS:1002523,PC,[M-H]1-,-FA 14:1(+HO)-(CH3+CH3COO),shift,33.9913309415
MS:1002523,PC,[M-H]1-,-FA 14:1(+HO)-(CH3+HCOO),meanlog,3.4770152598
MS:1002523,PC,[M-H]1-,-FA 14:1(+HO)-(CH3+HCOO),model,dlnormPar
MS:1002523,PC,[M-H]1-,-FA 14:1(+HO)-(CH3+HCOO),scale,0.0036312883
MS:1002523,PC,[M-H]1-,-FA 14:1(+HO)-(CH3+HCOO),sdlog,0.1492052188
MS:1002523,PC,[M-H]1-,-FA 14:1(+HO)-(CH3+HCOO),shift,7.00094207
MS:1002523,PC,[M-H]1-,-FA 17:0(-H)-(CH3+CH3COO),meanlog,4.1619331842
MS:1002523,PC,[M-H]1-,-FA 17:0(-H)-(CH3+CH3COO),model,dlnormPar
MS:1002523,PC,[M-H]1-,-FA 17:0(-H)-(CH3+CH3COO),scale,0.0024765167
MS:1002523,PC,[M-H]1-,-FA 17:0(-H)-(CH3+CH3COO),sdlog,0.066168817
MS:1002523,PC,[M-H]1-,-FA 17:0(-H)-(CH3+CH3COO),shift,40.6508046532
MS:1002523,PC,[M-H]1-,-FA 17:0(-H)-(CH3+HCOO),meanlog,4.8647193011
MS:1002523,PC,[M-H]1-,-FA 17:0(-H)-(CH3+HCOO),model,dlnormPar
MS:1002523,PC,[M-H]1-,-FA 17:0(-H)-(CH3+HCOO),scale,0.0022942631
MS:1002523,PC,[M-H]1-,-FA 17:0(-H)-(CH3+HCOO),sdlog,0.0300171986
MS:1002523,PC,[M-H]1-,-FA 17:0(-H)-(CH3+HCOO),shift,105.9612243489
MS:1002523,PC,[M-H]1-,-FA 17:0(+HO)-(CH3+CH3COO),meanlog,3.773026005
MS:1002523,PC,[M-H]1-,-FA 17:0(+HO)-(CH3+CH3COO),model,dlnormPar
MS:1002523,PC,[M-H]1-,-FA 17:0(+HO)-(CH3+CH3COO),scale,0.002423253
MS:1002523,PC,[M-H]1-,-FA 17:0(+HO)-(CH3+CH3COO),sdlog,0.1012672137
MS:1002523,PC,[M-H]1-,-FA 17:0(+HO)-(CH3+CH3COO),shift,20.4649493226
MS:1002523,PC,[M-H]1-,-FA 17:0(+HO)-(CH3+HCOO),meanlog,3.6301566768
MS:1002523,PC,[M-H]1-,-FA 17:0(+HO)-(CH3+HCOO),model,dlnormPar
MS:1002523,PC,[M-H]1-,-FA 17:0(+HO)-(CH3+HCOO),scale,0.0021563185
MS:1002523,PC,[M-H]1-,-FA 17:0(+HO)-(CH3+HCOO),sdlog,0.1086858429
MS:1002523,PC,[M-H]1-,-FA 17:0(+HO)-(CH3+HCOO),shift,14.4336381355
MS:1002523,PC,[M-H]1-,FA 14:1(+O),meanlog,3.7388350775
MS:1002523,PC,[M-H]1-,FA 14:1(+O),model,dlnormPar
MS:1002523,PC,[M-H]1-,FA 14:1(+O),scale,1.2832549084
MS:1002523,PC,[M-H]1-,FA 14:1(+O),sdlog,0.8435872785
MS:1002523,PC,[M-H]1-,FA 14:1(+O),shift,-12.3618964
MS:1002523,PC,[M-H]1-,FA 17:0(+O),meanlog,3.7366988996
MS:1002523,PC,[M-H]1-,FA 17:0(+O),model,dlnormPar
MS:1002523,PC,[M-H]1-,FA 17:0(+O),scale,0.3762521586
MS:1002523,PC,[M-H]1-,FA 17:0(+O),sdlog,0.5730388661
MS:1002523,PC,[M-H]1-,FA 17:0(+O),shift,-6.4326684489
MS:1002523,PC,[M+CH3COO]1-,precursor,meanlog,3.8613407425
MS:1002523,PC,[M+CH3COO]1-,precursor,model,dlnormPar
MS:1002523,PC,[M+CH3COO]1-,precursor,scale,0.6919214012
MS:1002523,PC,[M+CH3COO]1-,precursor,sdlog,0.0656781772
MS:1002523,PC,[M+CH3COO]1-,precursor,shift,39.3498120808
MS:1002523,PC,[M+H]1+,"HG(PC,184)",meanlog,3.4162215864
MS:1002523,PC,[M+H]1+,"HG(PC,184)",model,dlnormPar
MS:1002523,PC,[M+H]1+,"HG(PC,184)",scale,1.399763755
MS:1002523,PC,[M+H]1+,"HG(PC,184)",sdlog,0.5550540158
MS:1002523,PC,[M+H]1+,"HG(PC,184)",shift,-3.2971174295
MS:1002523,PC,[M+H]1+,precursor,meanlog,4.5323641666
MS:1002523,PC,[M+H]1+,precursor,model,dlnormPar
MS:1002523,PC,[M+H]1+,precursor,scale,1.1312491052
MS:1002523,PC,[M+H]1+,precursor,sdlog,0.0501405421
MS:1002523,PC,[M+H]1+,precursor,shift,83.2579340882
MS:1002523,PC,[M+HCOO]1-,precursor,meanlog,4.4240659626
MS:1002523,PC,[M+HCOO]1-,precursor,model,dlnormPar
MS:1002523,PC,[M+HCOO]1-,precursor,scale,0.7697708349
MS:1002523,PC,[M+HCOO]1-,precursor,sdlog,0.0411433472
MS:1002523,PC,[M+HCOO]1-,precursor,shift,74.8170529069
MS:1002523,PC,[M-H]1-,-FA 18:1(-H)-(CH3+CH3COO),meanlog,3.9258958869
MS:1002523,PC,[M-H]1-,-FA 18:1(-H)-(CH3+CH3COO),model,dlnormPar
MS:1002523,PC,[M-H]1-,-FA 18:1(-H)-(CH3+CH3COO),scale,0.0184242226
MS:1002523,PC,[M-H]1-,-FA 18:1(-H)-(CH3+CH3COO),sdlog,0.0992664433
MS:1002523,PC,[M-H]1-,-FA 18:1(-H)-(CH3+CH3COO),shift,26.0519112021
MS:1002523,PC,[M-H]1-,-FA 18:1(-H)-(CH3+HCOO),meanlog,3.8519596339
MS:1002523,PC,[M-H]1-,-FA 18:1(-H)-(CH3+HCOO),model,dlnormPar
MS:1002523,PC,[M-H]1-,-FA 18:1(-H)-(CH3+HCOO),scale,0.0191565498
MS:1002523,PC,[M-H]1-,-FA 18:1(-H)-(CH3+HCOO),sdlog,0.1065031845
MS:1002523,PC,[M-H]1-,-FA 18:1(-H)-(CH3+HCOO),shift,22.2303634824
MS:1002523,PC,[M-H]1-,-FA 18:1(+HO)-(CH3+CH3COO),meanlog,3.5655532258
MS:1002523,PC,[M-H]1-,-FA 18:1(+HO)-(CH3+CH3COO),model,dlnormPar
MS:1002523,PC,[M-H]1-,-FA 18:1(+HO)-(CH3+CH3COO),scale,0.0039137649
MS:1002523,PC,[M-H]1-,-FA 18:1(+HO)-(CH3+CH3COO),sdlog,0.1446409298
MS:1002523,PC,[M-H]1-,-FA 18:1(+HO)-(CH3+CH3COO),shift,9.8921000516
MS:1002523,PC,[M-H]1-,-FA 18:1(+HO)-(CH3+HCOO),meanlog,3.6485420812
MS:1002523,PC,[M-H]1-,-FA 18:1(+HO)-(CH3+HCOO),model,dlnormPar
MS:1002523,PC,[M-H]1-,-FA 18:1(+HO)-(CH3+HCOO),scale,0.0041034094
MS:1002523,PC,[M-H]1-,-FA 18:1(+HO)-(CH3+HCOO),sdlog,0.1325239933
MS:1002523,PC,[M-H]1-,-FA 18:1(+HO)-(CH3+HCOO),shift,12.7943089771
MS:1002523,PC,[M-H]1-,FA 15:0(+O),meanlog,4.55899122
MS:1002523,PC,[M-H]1-,FA 15:0(+O),model,dlnormPar
MS:1002523,PC,[M-H]1-,FA 15:0(+O),scale,0.9441369783
MS:1002523,PC,[M-H]1-,FA 15:0(+O),sdlog,1.1041182413
MS:1002523,PC,[M-H]1-,FA 15:0(+O),shift,-13.3861447055
MS:1002523,PC,[M7H2-H]1-,-(CH3+CH3COO),meanlog,4.1890462545
MS:1002523,PC,[M7H2-H]1-,-(CH3+CH3COO),model,dlnormPar
MS:1002523,PC,[M7H2-H]1-,-(CH3+CH3COO),scale,0.5720184053
MS:1002523,PC,[M7H2-H]1-,-(CH3+CH3COO),sdlog,0.0673786699
MS:1002523,PC,[M7H2-H]1-,-(CH3+CH3COO),shift,50.3971467648
MS:1002523,PC,[M7H2-H]1-,-(CH3+HCOO),meanlog,4.2731528844
MS:1002523,PC,[M7H2-H]1-,-(CH3+HCOO),model,dlnormPar
MS:1002523,PC,[M7H2-H]1-,-(CH3+HCOO),scale,0.51085645
MS:1002523,PC,[M7H2-H]1-,-(CH3+HCOO),sdlog,0.0598198055
MS:1002523,PC,[M7H2-H]1-,-(CH3+HCOO),shift,55.5092054605
MS:1002523,PC,[M7H2-H]1-,-FA 15:0(-H)-(CH3+CH3COO),meanlog,5.6802968086
MS:1002523,PC,[M7H2-H]1-,-FA 15:0(-H)-(CH3+CH3COO),model,dlnormPar
MS:1002523,PC,[M7H2-H]1-,-FA 15:0(-H)-(CH3+CH3COO),scale,0.0030194927
MS:1002523,PC,[M7H2-H]1-,-FA 15:0(-H)-(CH3+CH3COO),sdlog,0.0169467019
MS:1002523,PC,[M7H2-H]1-,-FA 15:0(-H)-(CH3+CH3COO),shift,270.213852214
MS:1002523,PC,[M7H2-H]1-,-FA 15:0(-H)-(CH3+HCOO),meanlog,4.1551149417
MS:1002523,PC,[M7H2-H]1-,-FA 15:0(-H)-(CH3+HCOO),model,dlnormPar
MS:1002523,PC,[M7H2-H]1-,-FA 15:0(-H)-(CH3+HCOO),scale,0.0023867261
MS:1002523,PC,[M7H2-H]1-,-FA 15:0(-H)-(CH3+HCOO),sdlog,0.0698305279
MS:1002523,PC,[M7H2-H]1-,-FA 15:0(-H)-(CH3+HCOO),shift,39.9082479441
MS:1002523,PC,[M7H2-H]1-,-FA 15:0(+HO)-(CH3+CH3COO),meanlog,3.434486574
MS:1002523,PC,[M7H2-H]1-,-FA 15:0(+HO)-(CH3+CH3COO),model,dlnormPar
MS:1002523,PC,[M7H2-H]1-,-FA 15:0(+HO)-(CH3+CH3COO),scale,0.0021681434
MS:1002523,PC,[M7H2-H]1-,-FA 15:0(+HO)-(CH3+CH3COO),sdlog,0.1449242382
MS:1002523,PC,[M7H2-H]1-,-FA 15:0(+HO)-(CH3+CH3COO),shift,7.945413976
MS:1002523,PC,[M7H2-H]1-,-FA 15:0(+HO)-(CH3+HCOO),meanlog,3.2542854644
MS:1002523,PC,[M7H2-H]1-,-FA 15:0(+HO)-(CH3+HCOO),model,dlnormPar
MS:1002523,PC,[M7H2-H]1-,-FA 15:0(+HO)-(CH3+HCOO),scale,0.0022778223
MS:1002523,PC,[M7H2-H]1-,-FA 15:0(+HO)-(CH3+HCOO),sdlog,0.1728834578
MS:1002523,PC,[M7H2-H]1-,-FA 15:0(+HO)-(CH3+HCOO),shift,2.6205474048
MS:1002523,PC,[M7H2-H]1-,FA 18:1(+O),meanlog,3.579535294
MS:1002523,PC,[M7H2-H]1-,FA 18:1(+O),model,dlnormPar
MS:1002523,PC,[M7H2-H]1-,FA 18:1(+O),scale,0.989468823
MS:1002523,PC,[M7H2-H]1-,FA 18:1(+O),sdlog,0.6523025484
MS:1002523,PC,[M7H2-H]1-,FA 18:1(+O),shift,-9.5157704661
MS:1002523,PC,[M-H]1-,-FA 20:4(-H)-(CH3+CH3COO),meanlog,3.833550277
MS:1002523,PC,[M-H]1-,-FA 20:4(-H)-(CH3+CH3COO),model,dlnormPar
MS:1002523,PC,[M-H]1-,-FA 20:4(-H)-(CH3+CH3COO),scale,0.028009142
MS:1002523,PC,[M-H]1-,-FA 20:4(-H)-(CH3+CH3COO),sdlog,0.1088806275
MS:1002523,PC,[M-H]1-,-FA 20:4(-H)-(CH3+CH3COO),shift,21.7107618932
MS:1002523,PC,[M-H]1-,-FA 20:4(-H)-(CH3+HCOO),meanlog,4.0701178682
MS:1002523,PC,[M-H]1-,-FA 20:4(-H)-(CH3+HCOO),model,dlnormPar
MS:1002523,PC,[M-H]1-,-FA 20:4(-H)-(CH3+HCOO),scale,0.0254082265
MS:1002523,PC,[M-H]1-,-FA 20:4(-H)-(CH3+HCOO),sdlog,0.0815329788
MS:1002523,PC,[M-H]1-,-FA 20:4(-H)-(CH3+HCOO),shift,34.024692051
MS:1002523,PC,[M-H]1-,-FA 20:4(+HO)-(CH3+CH3COO),meanlog,3.3502903109
MS:1002523,PC,[M-H]1-,-FA 20:4(+HO)-(CH3+CH3COO),model,dlnormPar
MS:1002523,PC,[M-H]1-,-FA 20:4(+HO)-(CH3+CH3COO),scale,0.0046931206
MS:1002523,PC,[M-H]1-,-FA 20:4(+HO)-(CH3+CH3COO),sdlog,0.1828155789
MS:1002523,PC,[M-H]1-,-FA 20:4(+HO)-(CH3+CH3COO),shift,3.0650254162
MS:1002523,PC,[M-H]1-,-FA 20:4(+HO)-(CH3+HCOO),meanlog,2.8163774781
MS:1002523,PC,[M-H]1-,-FA 20:4(+HO)-(CH3+HCOO),model,dlnormPar
MS:1002523,PC,[M-H]1-,-FA 20:4(+HO)-(CH3+HCOO),scale,0.0041089274
MS:1002523,PC,[M-H]1-,-FA 20:4(+HO)-(CH3+HCOO),sdlog,0.4223156351
MS:1002523,PC,[M-H]1-,-FA 20:4(+HO)-(CH3+HCOO),shift,-10.5293668499
MS:1002523,PC,[M-H]1-,FA 20:4(+O),meanlog,3.2212490563
MS:1002523,PC,[M-H]1-,FA 20:4(+O),model,dlnormPar
MS:1002523,PC,[M-H]1-,FA 20:4(+O),scale,0.4101581748
MS:1002523,PC,[M-H]1-,FA 20:4(+O),sdlog,0.3371894916
MS:1002523,PC,[M-H]1-,FA 20:4(+O),shift,-4.0514119351
MS:1002523,PC,[M-H]1-,-FA 21:0(-H)-(CH3+CH3COO),meanlog,4.1952565502
MS:1002523,PC,[M-H]1-,-FA 21:0(-H)-(CH3+CH3COO),model,dlnormPar
MS:1002523,PC,[M-H]1-,-FA 21:0(-H)-(CH3+CH3COO),scale,0.0024105238
MS:1002523,PC,[M-H]1-,-FA 21:0(-H)-(CH3+CH3COO),sdlog,0.0613236284
MS:1002523,PC,[M-H]1-,-FA 21:0(-H)-(CH3+CH3COO),shift,42.7711003523
MS:1002523,PC,[M-H]1-,-FA 21:0(-H)-(CH3+HCOO),meanlog,3.503233551
MS:1002523,PC,[M-H]1-,-FA 21:0(-H)-(CH3+HCOO),model,dlnormPar
MS:1002523,PC,[M-H]1-,-FA 21:0(-H)-(CH3+HCOO),scale,0.0020104332
MS:1002523,PC,[M-H]1-,-FA 21:0(-H)-(CH3+HCOO),sdlog,0.1069857448
MS:1002523,PC,[M-H]1-,-FA 21:0(-H)-(CH3+HCOO),shift,9.6110709547
MS:1002523,PC,[M-H]1-,-FA 21:0(+HO)-(CH3+CH3COO),meanlog,3.4631460232
MS:1002523,PC,[M-H]1-,-FA 21:0(+HO)-(CH3+CH3COO),model,dlnormPar
MS:1002523,PC,[M-H]1-,-FA 21:0(+HO)-(CH3+CH3COO),scale,0.0019575481
MS:1002523,PC,[M-H]1-,-FA 21:0(+HO)-(CH3+CH3COO),sdlog,0.1272691435
MS:1002523,PC,[M-H]1-,-FA 21:0(+HO)-(CH3+CH3COO),shift,8.5585877347
MS:1002523,PC,[M-H]1-,-FA 21:0(+HO)-(CH3+HCOO),meanlog,2.6298397995
MS:1002523,PC,[M-H]1-,-FA 21:0(+HO)-(CH3+HCOO),model,dlnormPar
MS:1002523,PC,[M-H]1-,-FA 21:0(+HO)-(CH3+HCOO),scale,0.0017844572
MS:1002523,PC,[M-H]1-,-FA 21:0(+HO)-(CH3+HCOO),sdlog,0.3283732126
MS:1002523,PC,[M-H]1-,-FA 21:0(+HO)-(CH3+HCOO),shift,-9.8910997904
MS:1002523,PC,[M-H]1-,-FA 22:6(-H)-(CH3+CH3COO),meanlog,4.3250375463
MS:1002523,PC,[M-H]1-,-FA 22:6(-H)-(CH3+CH3COO),model,dlnormPar
MS:1002523,PC,[M-H]1-,-FA 22:6(-H)-(CH3+CH3COO),scale,0.0314193815
MS:1002523,PC,[M-H]1-,-FA 22:6(-H)-(CH3+CH3COO),sdlog,0.064216422
MS:1002523,PC,[M-H]1-,-FA 22:6(-H)-(CH3+CH3COO),shift,50.6498779464
MS:1002523,PC,[M-H]1-,-FA 22:6(-H)-(CH3+HCOO),meanlog,4.1416422013
MS:1002523,PC,[M-H]1-,-FA 22:6(-H)-(CH3+HCOO),model,dlnormPar
MS:1002523,PC,[M-H]1-,-FA 22:6(-H)-(CH3+HCOO),scale,0.0308936416
MS:1002523,PC,[M-H]1-,-FA 22:6(-H)-(CH3+HCOO),sdlog,0.0764740558
MS:1002523,PC,[M-H]1-,-FA 22:6(-H)-(CH3+HCOO),shift,37.890788047
MS:1002523,PC,[M-H]1-,-FA 22:6(+HO)-(CH3+CH3COO),meanlog,4.1046541801
MS:1002523,PC,[M-H]1-,-FA 22:6(+HO)-(CH3+CH3COO),model,dlnormPar
MS:1002523,PC,[M-H]1-,-FA 22:6(+HO)-(CH3+CH3COO),scale,0.0052381123
MS:1002523,PC,[M-H]1-,-FA 22:6(+HO)-(CH3+CH3COO),sdlog,0.0806268477
MS:1002523,PC,[M-H]1-,-FA 22:6(+HO)-(CH3+CH3COO),shift,34.9514333545
MS:1002523,PC,[M-H]1-,-FA 22:6(+HO)-(CH3+HCOO),meanlog,4.0976862824
MS:1002523,PC,[M-H]1-,-FA 22:6(+HO)-(CH3+HCOO),model,dlnormPar
MS:1002523,PC,[M-H]1-,-FA 22:6(+HO)-(CH3+HCOO),scale,0.0049483303
MS:1002523,PC,[M-H]1-,-FA 22:6(+HO)-(CH3+HCOO),sdlog,0.0748242543
MS:1002523,PC,[M-H]1-,-FA 22:6(+HO)-(CH3+HCOO),shift,34.7313059365
MS:1002523,PC,[M-H]1-,FA 21:0(+O),meanlog,6.2407965491
MS:1002523,PC,[M-H]1-,FA 21:0(+O),model,dlnormPar
MS:1002523,PC,[M-H]1-,FA 21:0(+O),scale,0.4132191824
MS:1002523,PC,[M-H]1-,FA 21:0(+O),sdlog,0.0208115471
MS:1002523,PC,[M-H]1-,FA 21:0(+O),shift,472.8399834928
MS:1002523,PC,[M-H]1-,FA 22:6(+O),meanlog,3.2618472916
MS:1002523,PC,[M-H]1-,FA 22:6(+O),model,dlnormPar
MS:1002523,PC,[M-H]1-,FA 22:6(+O),scale,0.2118951831
MS:1002523,PC,[M-H]1-,FA 22:6(+O),sdlog,0.218233831
MS:1002523,PC,[M-H]1-,FA 22:6(+O),shift,0.8907999863
